timestamp,protonCount
2022-03-11 16:50:47,5778800000000.0
2022-03-11 16:51:47,5110000000000.0
2022-03-11 16:52:47,5983100000000.0
2022-03-11 16:53:47,5795300000000.0
2022-03-11 16:54:47,5749300000000.0
2022-03-11 16:55:48,5750600000000.0
2022-03-11 16:56:48,5664500000000.0
2022-03-11 16:57:48,5785700000000.0
2022-03-11 16:58:48,5795100000000.0
2022-03-11 16:59:48,5726700000000.0
2022-03-11 17:00:48,5864300000000.0
2022-03-11 17:01:48,5662500000000.0
2022-03-11 17:02:48,5719700000000.0
2022-03-11 17:03:49,5815300000000.0
2022-03-11 17:04:49,5726600000000.0
2022-03-11 17:05:49,5684500000000.0
2022-03-11 17:06:49,5797700000000.0
2022-03-11 17:07:49,5736700000000.0
2022-03-11 17:08:49,5785800000000.0
2022-03-11 17:09:49,5716600000000.0
2022-03-11 17:10:50,5805900000000.0
2022-03-11 17:11:50,5797000000000.0
2022-03-11 17:12:50,5785700000000.0
2022-03-11 17:13:50,5787600000000.0
2022-03-11 17:14:50,5827200000000.0
2022-03-11 17:15:50,5746200000000.0
2022-03-11 17:16:50,5760100000000.0
2022-03-11 17:17:51,5716100000000.0
2022-03-11 17:18:51,5887500000000.0
2022-03-11 17:19:51,5812900000000.0
2022-03-11 17:20:51,5834900000000.0
2022-03-11 17:21:51,5783300000000.0
2022-03-11 17:22:51,5699600000000.0
2022-03-11 17:23:51,5790200000000.0
2022-03-11 17:24:52,5719100000000.0
2022-03-11 17:25:52,5759200000000.0
2022-03-11 17:26:52,5522300000000.0
2022-03-11 17:27:52,5785700000000.0
2022-03-11 17:28:52,5588300000000.0
2022-03-11 17:29:52,5607700000000.0
2022-03-11 17:30:53,5486400000000.0
2022-03-11 17:31:53,5655000000000.0
2022-03-11 17:32:53,5580200000000.0
2022-03-11 17:33:53,5714000000000.0
2022-03-11 17:34:53,5772500000000.0
2022-03-11 17:35:53,5010700000000.0
2022-03-11 17:36:53,5853500000000.0
2022-03-11 17:37:53,5691400000000.0
2022-03-11 17:38:54,5737400000000.0
2022-03-11 17:39:54,5743600000000.0
2022-03-11 17:40:54,5786200000000.0
2022-03-11 17:41:54,5818400000000.0
2022-03-11 17:42:54,5883800000000.0
2022-03-11 17:43:54,5763200000000.0
2022-03-11 17:44:54,5774400000000.0
2022-03-11 17:45:55,5839000000000.0
2022-03-11 17:46:55,5775700000000.0
2022-03-11 17:47:55,5865500000000.0
2022-03-11 17:48:55,5739800000000.0
2022-03-11 17:49:55,5790700000000.0
2022-03-11 17:50:55,4960900000000.0
2022-03-11 17:51:55,5689000000000.0
2022-03-11 17:52:56,5499700000000.0
2022-03-11 17:53:56,5827300000000.0
2022-03-11 17:54:56,5680700000000.0
2022-03-11 17:55:56,5599000000000.0
2022-03-11 17:56:56,5598400000000.0
2022-03-12 10:22:08,196100000000.0
2022-03-12 10:23:08,28800000000.0
2022-03-12 10:24:08,5867500000000.0
2022-03-12 10:25:09,5933400000000.0
2022-03-12 10:26:09,5892700000000.0
2022-03-12 10:27:09,5908900000000.0
2022-03-12 10:28:09,5924500000000.0
2022-03-12 10:29:09,5969800000000.0
2022-03-12 10:30:09,5751800000000.0
2022-03-12 10:31:09,5937300000000.0
2022-03-12 10:32:10,5860600000000.0
2022-03-12 10:33:10,5869300000000.0
2022-03-12 10:34:10,5952100000000.0
2022-03-12 10:35:10,5864200000000.0
2022-03-12 10:36:10,5045700000000.0
2022-03-12 10:37:10,5871300000000.0
2022-03-12 10:38:10,5897500000000.0
2022-03-12 10:39:10,5958700000000.0
2022-03-12 10:40:10,5945900000000.0
2022-03-12 10:41:11,5882400000000.0
2022-03-12 10:42:11,5934000000000.0
2022-03-12 10:43:11,5634300000000.0
2022-03-12 10:44:11,5973800000000.0
2022-03-12 10:45:11,5872400000000.0
2022-03-12 10:46:11,5909100000000.0
2022-03-12 10:47:11,5935200000000.0
2022-03-12 10:48:12,5946000000000.0
2022-03-12 10:49:12,5990600000000.0
2022-03-12 10:50:12,5933900000000.0
2022-03-12 10:51:12,5922800000000.0
2022-03-12 10:52:12,5909500000000.0
2022-03-12 10:53:12,5925900000000.0
2022-03-12 10:54:12,5938600000000.0
2022-03-12 10:55:13,5903300000000.0
2022-03-12 10:56:13,6027000000000.0
2022-03-12 10:57:13,5946500000000.0
2022-03-12 10:58:13,5920900000000.0
2022-03-12 10:59:13,5968700000000.0
2022-03-12 11:00:13,5133800000000.0
2022-03-12 11:01:13,5889500000000.0
2022-03-12 11:02:13,5847400000000.0
2022-03-12 11:03:13,5950500000000.0
2022-03-12 11:04:13,5925300000000.0
2022-03-12 11:05:14,6051700000000.0
2022-03-12 11:06:14,5925800000000.0
2022-03-12 11:07:14,6093600000000.0
2022-03-12 11:08:14,5955400000000.0
2022-03-12 11:09:14,5802700000000.0
2022-03-12 11:10:14,5907200000000.0
2022-03-12 11:11:14,5993100000000.0
2022-03-12 11:12:15,5799500000000.0
2022-03-12 11:13:15,5839300000000.0
2022-03-12 11:14:15,5932100000000.0
2022-03-12 11:15:15,5957200000000.0
2022-03-12 11:16:15,5846800000000.0
2022-03-12 11:17:15,6010900000000.0
2022-03-12 11:18:15,5152000000000.0
2022-03-12 11:19:16,5989400000000.0
2022-03-12 11:20:16,5885100000000.0
2022-03-12 11:21:16,5966700000000.0
2022-03-12 11:22:16,5952200000000.0
2022-03-12 11:23:16,5909600000000.0
2022-03-12 11:24:16,5994400000000.0
2022-03-12 11:25:16,5876300000000.0
2022-03-12 11:26:17,5903800000000.0
2022-03-12 11:27:17,5852900000000.0
2022-03-12 11:28:17,5880600000000.0
2022-03-12 11:29:17,5860400000000.0
2022-03-12 11:30:17,5915800000000.0
2022-03-12 11:31:17,5937200000000.0
2022-03-12 11:32:17,5791900000000.0
2022-03-12 11:33:17,5932100000000.0
2022-03-12 11:34:18,5970000000000.0
2022-03-12 11:35:18,6114400000000.0
2022-03-12 11:36:18,5823900000000.0
2022-03-12 11:37:18,5872500000000.0
2022-03-12 11:38:18,5941000000000.0
2022-03-12 11:39:18,5708500000000.0
2022-03-12 11:40:18,5860400000000.0
2022-03-12 11:41:18,5870600000000.0
2022-03-12 11:42:19,5765000000000.0
2022-03-12 11:43:19,5912800000000.0
2022-03-12 11:44:19,5913300000000.0
2022-03-12 11:45:19,6103700000000.0
2022-03-12 11:46:19,5238900000000.0
2022-03-12 11:47:19,5951600000000.0
2022-03-12 11:48:19,5721700000000.0
2022-03-12 11:49:19,5880100000000.0
2022-03-12 11:50:20,6009400000000.0
2022-03-12 11:51:20,5946600000000.0
2022-03-12 11:52:20,5851800000000.0
2022-03-12 11:53:20,5915300000000.0
2022-03-12 11:54:20,6139600000000.0
2022-03-12 11:55:20,6001900000000.0
2022-03-12 11:56:20,6067300000000.0
2022-03-12 11:57:20,5626000000000.0
2022-03-12 11:58:21,5964200000000.0
2022-03-12 11:59:21,5806500000000.0
2022-03-12 12:00:21,5932100000000.0
2022-03-12 12:01:21,5672000000000.0
2022-03-12 12:02:21,5895700000000.0
2022-03-12 12:03:21,5883900000000.0
2022-03-12 12:04:21,5958600000000.0
2022-03-12 12:05:21,5920800000000.0
2022-03-12 12:06:21,5940400000000.0
2022-03-12 12:07:22,5840500000000.0
2022-03-12 12:08:22,5915200000000.0
2022-03-12 12:09:22,5938400000000.0
2022-03-12 12:10:22,5851100000000.0
2022-03-12 12:11:22,5823400000000.0
2022-03-12 12:12:22,5171000000000.0
2022-03-12 12:13:22,5934900000000.0
2022-03-12 12:14:22,5881800000000.0
2022-03-12 12:15:23,5869900000000.0
2022-03-12 12:16:23,5829700000000.0
2022-03-12 12:17:23,5793900000000.0
2022-03-12 12:18:23,5932200000000.0
2022-03-12 12:19:23,5878100000000.0
2022-03-12 12:20:23,5823400000000.0
2022-03-12 12:21:23,5749800000000.0
2022-03-12 12:22:24,6034700000000.0
2022-03-12 12:23:24,5878100000000.0
2022-03-12 12:24:24,5891400000000.0
2022-03-12 12:25:24,6047200000000.0
2022-03-12 12:26:24,5154000000000.0
2022-03-12 12:27:24,5187900000000.0
2022-03-12 12:28:24,6002100000000.0
2022-03-12 12:29:24,5159000000000.0
2022-03-12 12:30:25,5825400000000.0
2022-03-12 12:31:25,5876700000000.0
2022-03-12 12:32:25,5929000000000.0
2022-03-12 12:33:25,5883100000000.0
2022-03-12 12:34:25,5995600000000.0
2022-03-12 12:35:25,6027000000000.0
2022-03-12 12:36:25,5875600000000.0
2022-03-12 12:37:25,5793200000000.0
2022-03-12 12:38:26,5945900000000.0
2022-03-12 12:39:26,5981800000000.0
2022-03-12 12:40:26,5986900000000.0
2022-03-12 12:41:26,5865500000000.0
2022-03-12 12:42:26,5933400000000.0
2022-03-12 12:43:26,5971200000000.0
2022-03-12 12:44:26,6020700000000.0
2022-03-12 12:45:27,5998100000000.0
2022-03-12 12:46:27,5909600000000.0
2022-03-12 12:47:27,5942900000000.0
2022-03-12 12:48:27,5893700000000.0
2022-03-12 12:49:27,6202400000000.0
2022-03-12 12:50:27,6062300000000.0
2022-03-12 12:51:27,6223800000000.0
2022-03-12 12:52:27,6009500000000.0
2022-03-12 12:53:28,6102600000000.0
2022-03-12 12:54:28,5758100000000.0
2022-03-12 12:55:28,6206100000000.0
2022-03-12 12:56:28,5900200000000.0
2022-03-12 12:57:28,6096300000000.0
2022-03-12 12:58:28,6061100000000.0
2022-03-12 12:59:28,6097400000000.0
2022-03-12 13:00:28,6201900000000.0
2022-03-12 13:01:29,6039200000000.0
2022-03-12 13:02:29,6215600000000.0
2022-03-12 13:03:29,6191000000000.0
2022-03-12 13:04:29,6163500000000.0
2022-03-12 13:05:29,6143400000000.0
2022-03-12 13:06:29,6010700000000.0
2022-03-12 13:07:29,6167100000000.0
2022-03-12 13:08:30,6049100000000.0
2022-03-12 13:09:30,6155300000000.0
2022-03-12 13:10:30,6130800000000.0
2022-03-12 13:11:30,6127700000000.0
2022-03-12 13:12:30,6150800000000.0
2022-03-12 13:13:30,6151700000000.0
2022-03-12 13:14:30,6062800000000.0
2022-03-12 13:15:30,5957400000000.0
2022-03-12 13:16:30,5852300000000.0
2022-03-12 13:17:31,6047700000000.0
2022-03-12 13:18:31,6108900000000.0
2022-03-12 13:19:31,6068000000000.0
2022-03-12 13:20:31,6190500000000.0
2022-03-12 13:21:31,6341200000000.0
2022-03-12 13:22:31,6194800000000.0
2022-03-12 13:23:31,6138900000000.0
2022-03-12 13:24:31,6046600000000.0
2022-03-12 13:25:32,5983700000000.0
2022-03-12 13:26:32,6277200000000.0
2022-03-12 13:27:32,6104500000000.0
2022-03-12 13:28:32,6047800000000.0
2022-03-12 13:29:32,6091200000000.0
2022-03-12 13:30:32,6055400000000.0
2022-03-12 13:31:32,5882500000000.0
2022-03-12 13:32:32,6033200000000.0
2022-03-12 13:33:32,6131500000000.0
2022-03-12 13:34:33,6085500000000.0
2022-03-12 13:35:33,5854100000000.0
2022-03-12 13:36:33,6115000000000.0
2022-03-12 13:37:33,6094400000000.0
2022-03-12 13:38:33,6045400000000.0
2022-03-12 13:39:33,6154600000000.0
2022-03-12 13:40:33,5958600000000.0
2022-03-12 13:41:34,6157900000000.0
2022-03-12 13:42:34,6131700000000.0
2022-03-12 13:43:34,6081700000000.0
2022-03-12 13:44:34,6147100000000.0
2022-03-12 13:45:34,6035300000000.0
2022-03-12 13:46:34,5761900000000.0
2022-03-12 13:47:34,6086800000000.0
2022-03-12 13:48:34,6038400000000.0
2022-03-12 13:49:35,6045200000000.0
2022-03-12 13:50:35,6357100000000.0
2022-03-12 13:51:35,6147900000000.0
2022-03-12 13:52:35,6093100000000.0
2022-03-12 13:53:35,6057300000000.0
2022-03-12 13:54:35,6079900000000.0
2022-03-12 13:55:35,6053900000000.0
2022-03-12 13:56:35,6129400000000.0
2022-03-12 13:57:35,5929100000000.0
2022-03-12 13:58:36,6105000000000.0
2022-03-12 13:59:36,5839200000000.0
2022-03-12 14:00:36,6079400000000.0
2022-03-12 14:01:36,6116300000000.0
2022-03-12 14:02:36,6085500000000.0
2022-03-12 14:03:36,5881900000000.0
2022-03-12 14:04:36,6191700000000.0
2022-03-12 14:05:36,6184900000000.0
2022-03-12 14:06:36,6056700000000.0
2022-03-12 14:07:37,6020700000000.0
2022-03-12 14:08:37,5961000000000.0
2022-03-12 14:09:37,5312900000000.0
2022-03-12 14:10:37,6009500000000.0
2022-03-12 14:11:37,6105100000000.0
2022-03-12 14:12:37,6154700000000.0
2022-03-12 14:13:37,5857900000000.0
2022-03-12 14:14:37,5857400000000.0
2022-03-12 14:15:38,6022100000000.0
2022-03-12 14:16:38,6049800000000.0
2022-03-12 14:17:38,6083100000000.0
2022-03-12 14:18:38,6024000000000.0
2022-03-12 14:19:38,6022800000000.0
2022-03-12 14:20:38,5871900000000.0
2022-03-12 14:21:38,5954700000000.0
2022-03-12 14:22:39,5798300000000.0
2022-03-12 14:23:39,5819100000000.0
2022-03-12 14:24:39,5776800000000.0
2022-03-12 14:25:39,5785700000000.0
2022-03-12 14:26:39,5780000000000.0
2022-03-12 14:27:39,5705900000000.0
2022-03-12 14:28:39,5727900000000.0
2022-03-12 14:29:39,5802600000000.0
2022-03-12 14:30:40,5861600000000.0
2022-03-12 14:31:40,5829000000000.0
2022-03-12 14:32:40,5808400000000.0
2022-03-12 14:33:40,5802100000000.0
2022-03-12 14:34:40,5794500000000.0
2022-03-12 14:35:40,5844200000000.0
2022-03-12 14:36:40,5882700000000.0
2022-03-12 14:37:41,5983100000000.0
2022-03-12 14:38:41,5962500000000.0
2022-03-12 14:39:41,5910200000000.0
2022-03-12 14:40:41,5991300000000.0
2022-03-12 14:41:41,5976200000000.0
2022-03-12 14:42:41,6013300000000.0
2022-03-12 14:43:41,5917800000000.0
2022-03-12 14:44:41,5919500000000.0
2022-03-12 14:45:42,5914500000000.0
2022-03-12 14:46:42,5940300000000.0
2022-03-12 14:47:42,5858000000000.0
2022-03-12 14:48:42,5946000000000.0
2022-03-12 14:49:42,5926500000000.0
2022-03-12 14:50:42,5249400000000.0
2022-03-12 14:51:42,5939700000000.0
2022-03-12 14:52:42,5930400000000.0
2022-03-12 14:53:43,6043500000000.0
2022-03-12 14:54:43,5909600000000.0
2022-03-12 14:55:43,6013900000000.0
2022-03-12 14:56:43,5956100000000.0
2022-03-12 14:57:43,5905100000000.0
2022-03-12 14:58:43,5935300000000.0
2022-03-12 14:59:43,5905900000000.0
2022-03-12 15:00:43,5935800000000.0
2022-03-12 15:01:44,5996300000000.0
2022-03-12 15:02:44,6017700000000.0
2022-03-12 15:03:44,5866900000000.0
2022-03-12 15:04:44,5961700000000.0
2022-03-12 15:05:44,5979300000000.0
2022-03-12 15:06:44,5800200000000.0
2022-03-12 15:07:44,5910300000000.0
2022-03-12 15:08:44,5951700000000.0
2022-03-12 15:09:45,6063000000000.0
2022-03-12 15:10:45,6113200000000.0
2022-03-12 15:11:45,5714600000000.0
2022-03-12 15:12:45,5978700000000.0
2022-03-12 15:13:45,5942300000000.0
2022-03-12 15:14:45,5771300000000.0
2022-03-12 15:15:45,5863000000000.0
2022-03-12 15:16:46,5769300000000.0
2022-03-12 15:17:46,5877500000000.0
2022-03-12 15:18:46,5911300000000.0
2022-03-12 15:19:46,6147300000000.0
2022-03-12 15:20:46,6006300000000.0
2022-03-12 15:21:46,5898300000000.0
2022-03-12 15:22:46,5939800000000.0
2022-03-12 15:23:47,5861800000000.0
2022-03-12 15:24:47,5886900000000.0
2022-03-12 15:25:47,5943600000000.0
2022-03-12 15:26:47,5793400000000.0
2022-03-12 15:27:47,5985000000000.0
2022-03-12 15:28:47,5955400000000.0
2022-03-12 15:29:47,6066000000000.0
2022-03-12 15:30:47,5891900000000.0
2022-03-12 15:31:47,5892600000000.0
2022-03-12 15:32:48,5911300000000.0
2022-03-12 15:33:48,5869300000000.0
2022-03-12 15:34:48,5904000000000.0
2022-03-12 15:35:48,5914000000000.0
2022-03-12 15:36:48,5872500000000.0
2022-03-12 15:37:48,5847900000000.0
2022-03-12 15:38:48,5903800000000.0
2022-03-12 15:39:48,5949200000000.0
2022-03-12 15:40:49,5840400000000.0
2022-03-12 15:41:49,5839300000000.0
2022-03-12 15:42:49,5955300000000.0
2022-03-12 15:43:49,5887500000000.0
2022-03-12 15:44:49,5899500000000.0
2022-03-12 15:45:49,5846800000000.0
2022-03-12 15:46:49,5897700000000.0
2022-03-12 15:47:50,5929700000000.0
2022-03-12 15:48:50,5793900000000.0
2022-03-12 15:49:50,5983100000000.0
2022-03-12 15:50:50,5760500000000.0
2022-03-12 15:51:50,5844100000000.0
2022-03-12 15:52:50,5155800000000.0
2022-03-12 15:53:50,5109900000000.0
2022-03-12 15:54:50,5978700000000.0
2022-03-12 15:55:51,5910200000000.0
2022-03-12 15:56:51,5946100000000.0
2022-03-12 15:57:51,5914600000000.0
2022-03-14 10:39:16,769400000000.0
2022-03-14 10:40:18,753100000000.0
2022-03-14 10:41:19,771300000000.0
2022-03-14 10:42:20,782000000000.0
2022-03-14 10:43:20,773800000000.0
2022-03-14 10:44:21,766900000000.0
2022-03-14 10:45:21,775100000000.0
2022-03-14 10:46:22,785800000000.0
2022-03-14 10:47:23,766900000000.0
2022-03-14 10:48:23,758100000000.0
2022-03-14 10:49:24,760600000000.0
2022-03-14 10:50:24,778800000000.0
2022-03-14 10:51:25,751800000000.0
2022-03-14 10:52:26,780100000000.0
2022-03-14 10:53:26,779500000000.0
2022-03-14 10:54:27,769400000000.0
2022-03-14 10:55:27,781400000000.0
2022-03-14 10:56:28,792700000000.0
2022-03-14 10:57:29,755600000000.0
2022-03-14 10:58:29,776300000000.0
2022-03-14 10:59:30,759400000000.0
2022-03-14 11:00:30,782000000000.0
2022-03-14 11:01:31,783900000000.0
2022-03-14 11:02:31,763800000000.0
2022-03-14 11:03:32,773200000000.0
2022-03-14 11:04:33,765000000000.0
2022-03-14 11:05:33,768800000000.0
2022-03-14 11:06:34,751800000000.0
2022-03-14 11:07:34,760000000000.0
2022-03-14 11:08:35,758100000000.0
2022-03-14 11:09:36,802100000000.0
2022-03-14 11:10:36,807800000000.0
2022-03-14 11:11:37,724800000000.0
2022-03-14 11:12:37,746800000000.0
2022-03-14 11:13:38,763100000000.0
2022-03-14 11:14:39,771900000000.0
2022-03-14 11:15:39,779500000000.0
2022-03-14 11:16:40,761200000000.0
2022-03-14 11:17:40,745500000000.0
2022-03-14 11:18:41,775100000000.0
2022-03-14 11:19:42,781400000000.0
2022-03-14 11:20:42,775100000000.0
2022-03-14 11:21:43,744900000000.0
2022-03-14 11:22:43,769400000000.0
2022-03-14 11:23:44,793300000000.0
2022-03-14 11:24:45,766900000000.0
2022-03-14 11:25:45,756800000000.0
2022-03-14 11:26:46,725400000000.0
2022-03-14 11:27:46,778200000000.0
2022-03-14 11:28:47,771900000000.0
2022-03-14 11:29:48,773200000000.0
2022-03-14 11:30:48,745500000000.0
2022-03-14 11:31:49,774400000000.0
2022-03-14 11:32:49,765000000000.0
2022-03-14 11:33:50,744300000000.0
2022-03-14 11:34:50,777000000000.0
2022-03-14 11:35:51,755000000000.0
2022-03-14 11:36:52,771300000000.0
2022-03-14 11:37:52,759400000000.0
2022-03-14 11:38:53,773200000000.0
2022-03-14 11:39:54,770700000000.0
2022-03-14 11:40:54,757500000000.0
2022-03-14 11:41:55,751200000000.0
2022-03-14 11:42:55,731700000000.0
2022-03-14 11:43:56,756200000000.0
2022-03-14 11:44:56,775700000000.0
2022-03-14 11:45:57,767500000000.0
2022-03-14 11:46:58,740500000000.0
2022-03-14 11:47:58,770000000000.0
2022-03-14 11:48:59,762500000000.0
2022-03-14 11:49:59,787000000000.0
2022-03-14 11:51:00,765000000000.0
2022-03-14 11:52:01,751800000000.0
2022-03-14 11:53:01,764400000000.0
2022-03-14 11:54:02,807100000000.0
2022-03-14 11:55:03,782600000000.0
2022-03-14 11:56:03,768800000000.0
2022-03-14 11:57:04,762500000000.0
2022-03-14 11:58:04,775100000000.0
2022-03-14 11:59:05,761900000000.0
2022-03-14 12:00:05,776300000000.0
2022-03-14 12:01:06,795800000000.0
2022-03-14 12:02:07,793300000000.0
2022-03-14 12:03:07,829800000000.0
2022-03-14 12:04:08,817200000000.0
2022-03-14 12:05:09,794600000000.0
2022-03-14 12:06:09,831000000000.0
2022-03-14 12:07:10,797700000000.0
2022-03-14 12:08:10,822200000000.0
2022-03-14 12:09:11,803400000000.0
2022-03-14 12:10:12,769400000000.0
2022-03-14 12:11:12,782600000000.0
2022-03-14 12:12:13,792700000000.0
2022-03-14 12:13:13,792000000000.0
2022-03-14 12:14:14,807800000000.0
2022-03-14 12:15:15,804600000000.0
2022-03-14 12:16:15,819100000000.0
2022-03-14 12:17:16,784500000000.0
2022-03-14 12:18:16,807100000000.0
2022-03-14 12:19:17,809000000000.0
2022-03-14 12:20:18,814700000000.0
2022-03-14 12:21:18,807100000000.0
2022-03-14 12:22:19,776300000000.0
2022-03-14 12:23:19,804000000000.0
2022-03-14 12:24:20,758700000000.0
2022-03-14 12:25:21,767500000000.0
2022-03-14 12:26:21,784500000000.0
2022-03-14 12:27:22,792000000000.0
2022-03-14 12:28:22,802700000000.0
2022-03-14 12:29:23,792700000000.0
2022-03-14 12:30:24,787600000000.0
2022-03-14 12:31:24,790200000000.0
2022-03-14 12:32:25,787000000000.0
2022-03-14 12:33:25,806500000000.0
2022-03-14 12:34:26,819700000000.0
2022-03-14 12:35:27,801500000000.0
2022-03-14 12:36:27,822800000000.0
2022-03-14 12:37:28,796400000000.0
2022-03-14 12:38:28,808400000000.0
2022-03-14 12:39:29,787600000000.0
2022-03-14 12:40:30,788900000000.0
2022-03-14 12:41:30,806500000000.0
2022-03-14 12:42:31,786400000000.0
2022-03-14 12:43:31,777000000000.0
2022-03-14 12:44:33,795800000000.0
2022-03-14 12:45:33,820300000000.0
2022-03-14 12:46:33,814000000000.0
2022-03-14 12:47:33,805900000000.0
2022-03-14 12:48:33,824100000000.0
2022-03-14 12:49:33,790200000000.0
2022-03-14 12:50:34,800800000000.0
2022-03-14 12:51:34,814000000000.0
2022-03-14 12:52:34,793300000000.0
2022-03-14 12:53:34,805900000000.0
2022-03-14 12:54:34,785100000000.0
2022-03-14 12:55:34,800200000000.0
2022-03-14 12:56:34,790200000000.0
2022-03-14 12:57:35,795800000000.0
2022-03-14 12:58:35,804000000000.0
2022-03-14 12:59:35,800800000000.0
2022-03-14 13:00:35,809600000000.0
2022-03-14 13:01:35,809600000000.0
2022-03-14 13:02:35,811500000000.0
2022-03-14 13:03:35,749900000000.0
2022-03-14 13:04:35,814700000000.0
2022-03-14 13:05:36,810300000000.0
2022-03-14 13:06:36,812200000000.0
2022-03-14 13:07:36,808400000000.0
2022-03-14 13:08:36,804600000000.0
2022-03-14 13:09:36,817200000000.0
2022-03-14 13:10:36,795800000000.0
2022-03-14 13:11:36,851800000000.0
2022-03-14 13:12:36,800200000000.0
2022-03-14 13:13:37,822200000000.0
2022-03-14 13:14:37,821000000000.0
2022-03-14 13:15:37,814700000000.0
2022-03-14 13:16:37,821000000000.0
2022-03-14 13:17:37,769400000000.0
2022-03-14 13:18:37,802700000000.0
2022-03-14 13:19:38,805200000000.0
2022-03-14 13:20:38,809000000000.0
2022-03-14 13:21:38,821600000000.0
2022-03-14 13:22:38,840400000000.0
2022-03-14 13:23:38,797100000000.0
2022-03-14 13:24:38,784500000000.0
2022-03-14 13:25:38,813400000000.0
2022-03-14 13:26:38,794600000000.0
2022-03-14 13:27:39,805200000000.0
2022-03-14 13:28:39,821000000000.0
2022-03-14 13:29:39,805900000000.0
2022-03-14 13:30:39,791400000000.0
2022-03-14 13:31:39,804000000000.0
2022-03-14 13:32:39,803400000000.0
2022-03-14 13:33:39,808400000000.0
2022-03-14 13:34:40,825400000000.0
2022-03-14 13:35:40,814700000000.0
2022-03-14 13:36:40,786400000000.0
2022-03-14 13:37:40,815300000000.0
2022-03-14 13:38:40,793900000000.0
2022-03-14 13:39:40,802700000000.0
2022-03-14 13:40:40,809600000000.0
2022-03-14 13:41:41,787000000000.0
2022-03-14 13:42:41,812800000000.0
2022-03-14 13:43:41,770000000000.0
2022-03-14 13:44:41,805200000000.0
2022-03-14 13:45:41,778200000000.0
2022-03-14 13:46:41,765000000000.0
2022-03-14 13:47:41,794600000000.0
2022-03-14 13:48:41,724200000000.0
2022-03-14 13:49:42,779500000000.0
2022-03-14 13:50:42,756800000000.0
2022-03-14 13:51:42,748700000000.0
2022-03-14 13:52:42,733000000000.0
2022-03-14 13:53:42,762500000000.0
2022-03-14 13:54:42,759400000000.0
2022-03-14 13:55:42,779500000000.0
2022-03-14 13:56:42,746800000000.0
2022-03-14 13:57:43,733000000000.0
2022-03-14 13:58:43,776300000000.0
2022-03-14 13:59:43,749300000000.0
2022-03-14 14:00:43,765000000000.0
2022-03-14 14:01:43,768200000000.0
2022-03-14 14:02:43,789500000000.0
2022-03-14 14:03:43,751200000000.0
2022-03-14 14:04:43,755000000000.0
2022-03-14 14:05:44,753100000000.0
2022-03-14 14:06:44,780100000000.0
2022-03-14 14:07:44,734800000000.0
2022-03-14 14:08:44,763800000000.0
2022-03-14 14:09:44,746800000000.0
2022-03-14 14:10:44,765600000000.0
2022-03-14 14:11:44,766300000000.0
2022-03-14 14:12:45,746800000000.0
2022-03-14 14:13:45,775700000000.0
2022-03-14 14:14:45,756800000000.0
2022-03-14 14:15:45,731700000000.0
2022-03-14 14:16:45,751800000000.0
2022-03-14 14:17:45,812800000000.0
2022-03-14 14:18:45,777000000000.0
2022-03-14 14:19:45,793900000000.0
2022-03-14 14:20:46,774400000000.0
2022-03-14 14:21:46,747400000000.0
2022-03-14 14:22:46,747400000000.0
2022-03-14 14:23:46,758700000000.0
2022-03-14 14:24:46,744900000000.0
2022-03-14 14:25:46,747400000000.0
2022-03-14 14:26:46,765000000000.0
2022-03-14 14:27:46,738000000000.0
2022-03-14 14:28:47,708400000000.0
2022-03-14 14:29:47,756200000000.0
2022-03-14 14:30:47,761900000000.0
2022-03-14 14:31:47,746200000000.0
2022-03-14 14:32:47,749300000000.0
2022-03-14 14:33:47,740500000000.0
2022-03-14 14:34:47,758700000000.0
2022-03-14 14:35:48,746200000000.0
2022-03-14 14:36:48,760000000000.0
2022-03-14 14:37:48,780700000000.0
2022-03-14 14:38:48,761900000000.0
2022-03-14 14:39:48,758700000000.0
2022-03-14 14:40:48,748000000000.0
2022-03-14 14:41:48,750600000000.0
2022-03-14 14:42:48,749900000000.0
2022-03-14 14:43:49,749900000000.0
2022-03-14 14:44:49,778200000000.0
2022-03-14 14:45:49,751800000000.0
2022-03-14 14:46:49,766300000000.0
2022-03-14 14:47:49,748700000000.0
2022-03-14 14:48:49,773200000000.0
2022-03-14 14:49:49,758700000000.0
2022-03-14 14:50:50,770000000000.0
2022-03-14 14:51:50,745500000000.0
2022-03-14 14:52:50,752400000000.0
2022-03-14 14:53:50,752400000000.0
2022-03-14 14:54:50,763100000000.0
2022-03-14 14:55:50,755000000000.0
2022-03-14 14:56:50,756800000000.0
2022-03-14 14:57:50,753100000000.0
2022-03-14 14:58:51,747400000000.0
2022-03-14 14:59:51,772600000000.0
2022-03-14 15:00:51,761200000000.0
2022-03-14 15:01:51,748700000000.0
2022-03-14 15:02:51,756200000000.0
2022-03-14 15:03:51,741100000000.0
2022-03-14 15:04:51,775100000000.0
2022-03-14 15:05:51,755000000000.0
2022-03-14 15:06:52,729200000000.0
2022-03-14 15:07:52,755000000000.0
2022-03-14 15:08:52,740500000000.0
2022-03-14 15:09:52,753700000000.0
2022-03-14 15:10:52,739200000000.0
2022-03-14 15:11:52,763100000000.0
2022-03-14 15:12:52,777600000000.0
2022-03-14 15:13:53,751200000000.0
2022-03-14 15:14:53,758100000000.0
2022-03-14 15:15:53,754300000000.0
2022-03-14 15:16:53,735500000000.0
2022-03-14 15:17:53,747400000000.0
2022-03-14 15:18:53,756200000000.0
2022-03-14 15:19:53,742400000000.0
2022-03-14 15:20:54,766900000000.0
2022-03-14 15:21:54,757500000000.0
2022-03-14 15:22:55,766900000000.0
2022-03-14 15:23:56,768200000000.0
2022-03-14 15:24:56,749900000000.0
2022-03-14 15:25:57,727900000000.0
2022-03-14 15:26:57,754300000000.0
2022-03-14 15:27:58,731700000000.0
2022-03-14 15:28:59,755000000000.0
2022-03-14 15:29:59,749900000000.0
2022-03-14 15:31:00,736100000000.0
2022-03-14 15:32:00,741100000000.0
2022-03-14 15:33:01,750600000000.0
2022-03-14 15:34:02,768200000000.0
2022-03-14 15:35:02,764400000000.0
2022-03-14 15:36:03,743000000000.0
2022-03-14 15:37:03,738000000000.0
2022-03-14 15:38:04,747400000000.0
2022-03-14 15:39:05,748000000000.0
2022-03-14 15:40:05,754300000000.0
2022-03-14 15:41:06,768200000000.0
2022-03-14 15:42:06,741800000000.0
2022-03-14 15:43:07,742400000000.0
2022-03-14 15:44:08,766900000000.0
2022-03-14 15:45:08,766300000000.0
2022-03-14 15:46:09,745500000000.0
2022-03-14 15:47:09,724800000000.0
2022-03-14 15:48:10,753100000000.0
2022-03-14 15:49:11,763100000000.0
2022-03-14 15:50:11,752400000000.0
2022-03-14 15:51:12,751800000000.0
2022-03-14 15:52:13,760600000000.0
2022-03-14 15:53:13,734800000000.0
2022-03-14 15:54:14,753700000000.0
2022-03-14 15:55:14,752400000000.0
2022-03-14 15:56:15,736100000000.0
2022-03-14 15:57:16,775100000000.0
2022-03-14 15:58:16,763800000000.0
2022-03-14 15:59:17,760000000000.0
2022-03-14 16:00:17,744900000000.0
2022-03-14 16:01:18,753100000000.0
2022-03-14 16:02:18,773800000000.0
2022-03-14 16:03:19,722900000000.0
2022-03-14 16:04:20,770000000000.0
2022-03-14 16:05:20,769400000000.0
2022-03-14 16:06:21,751800000000.0
2022-03-14 16:07:21,744900000000.0
2022-03-14 16:08:22,761900000000.0
2022-03-14 16:09:23,727900000000.0
2022-03-14 16:10:23,744300000000.0
2022-03-14 16:11:24,726700000000.0
2022-03-14 16:12:24,748000000000.0
2022-03-14 16:13:25,754300000000.0
2022-03-14 16:14:26,723500000000.0
2022-03-14 16:15:26,721000000000.0
2022-03-14 16:16:27,759400000000.0
2022-03-14 16:17:27,758100000000.0
2022-03-14 16:18:28,741800000000.0
2022-03-14 16:19:29,767500000000.0
2022-03-14 16:20:29,758100000000.0
2022-03-14 16:21:30,739900000000.0
2022-03-14 16:22:31,719100000000.0
2022-03-14 16:23:31,756200000000.0
2022-03-14 16:24:32,795200000000.0
2022-03-14 16:25:32,756200000000.0
2022-03-14 16:26:33,783900000000.0
2022-03-14 16:27:34,763100000000.0
2022-03-14 16:28:34,743000000000.0
2022-03-14 16:29:35,747400000000.0
2022-03-14 16:30:35,749300000000.0
2022-03-14 16:31:36,751800000000.0
2022-03-14 16:32:37,770700000000.0
2022-03-14 16:33:37,761900000000.0
2022-03-14 16:34:38,758100000000.0
2022-03-14 16:35:38,733000000000.0
2022-03-14 16:36:40,748700000000.0
2022-03-14 16:37:41,765000000000.0
2022-03-14 16:38:41,746200000000.0
2022-03-14 16:39:42,735500000000.0
2022-03-14 16:40:42,747400000000.0
2022-03-14 16:41:44,749900000000.0
2022-03-14 16:42:44,756200000000.0
2022-03-14 16:43:44,760600000000.0
2022-03-14 16:44:44,733000000000.0
2022-03-14 16:45:44,749300000000.0
2022-03-14 16:46:44,766300000000.0
2022-03-14 16:47:45,735500000000.0
2022-03-14 16:48:45,763100000000.0
2022-03-14 16:49:45,731100000000.0
2022-03-14 16:50:45,744900000000.0
2022-03-14 16:51:45,760000000000.0
2022-03-14 16:52:45,736100000000.0
2022-03-14 16:53:45,745500000000.0
2022-03-14 16:54:46,760600000000.0
2022-03-14 16:55:46,725400000000.0
2022-03-14 16:56:46,766300000000.0
2022-03-14 16:57:46,736700000000.0
2022-03-14 16:58:46,761900000000.0
2022-03-14 16:59:46,732300000000.0
2022-03-14 17:00:46,766300000000.0
2022-03-14 17:01:47,749900000000.0
2022-03-14 17:02:47,728600000000.0
2022-03-14 17:03:47,753700000000.0
2022-03-14 17:04:47,766900000000.0
2022-03-14 17:05:47,753700000000.0
2022-03-14 17:06:47,743000000000.0
2022-03-14 17:07:47,744300000000.0
2022-03-14 17:08:48,728600000000.0
2022-03-14 17:09:48,752400000000.0
2022-03-14 17:10:48,780100000000.0
2022-03-14 17:11:48,756200000000.0
2022-03-14 17:12:48,743600000000.0
2022-03-14 17:13:48,753100000000.0
2022-03-14 17:14:48,769400000000.0
2022-03-14 17:15:49,759400000000.0
2022-03-14 17:16:49,743600000000.0
2022-03-14 17:17:49,744900000000.0
2022-03-14 17:18:49,767500000000.0
2022-03-14 17:19:49,758700000000.0
2022-03-14 17:20:49,754300000000.0
2022-03-14 17:21:49,756200000000.0
2022-03-14 17:22:50,760600000000.0
2022-03-14 17:23:50,720400000000.0
2022-03-14 17:24:50,761900000000.0
2022-03-14 17:25:50,741800000000.0
2022-03-14 17:26:50,751800000000.0
2022-03-14 17:27:50,745500000000.0
2022-03-14 17:28:50,753100000000.0
2022-03-14 17:29:51,733600000000.0
2022-03-14 17:30:51,760000000000.0
2022-03-14 17:31:51,747400000000.0
2022-03-14 17:32:51,740500000000.0
2022-03-14 17:33:51,747400000000.0
2022-03-14 17:34:51,753100000000.0
2022-03-14 17:35:51,719800000000.0
2022-03-14 17:36:52,734800000000.0
2022-03-14 17:37:52,749300000000.0
2022-03-14 17:38:52,736100000000.0
2022-03-14 17:39:52,740500000000.0
2022-03-14 17:40:52,752400000000.0
2022-03-14 17:41:52,746800000000.0
2022-03-14 17:42:53,721600000000.0
2022-03-14 17:43:53,734200000000.0
2022-03-14 17:44:53,755600000000.0
2022-03-14 17:45:53,736700000000.0
2022-03-14 17:46:53,746800000000.0
2022-03-14 17:47:53,736100000000.0
2022-03-14 17:48:53,747400000000.0
2022-03-14 17:49:54,736100000000.0
2022-03-14 17:50:54,741100000000.0
2022-03-14 17:51:54,717200000000.0
2022-03-14 17:52:54,718500000000.0
2022-03-14 17:53:54,733600000000.0
2022-03-14 17:54:54,746200000000.0
2022-03-14 17:55:54,722900000000.0
2022-03-14 17:56:54,733600000000.0
2022-03-14 17:57:55,748000000000.0
2022-03-14 17:58:55,737400000000.0
2022-03-14 17:59:55,745500000000.0
2022-03-14 18:00:55,738000000000.0
2022-03-14 18:01:55,751800000000.0
2022-03-14 18:02:55,753100000000.0
2022-03-14 18:03:55,749900000000.0
2022-03-14 18:04:56,723500000000.0
2022-03-14 18:05:56,755600000000.0
2022-03-14 18:06:56,721000000000.0
2022-03-14 18:07:56,756800000000.0
2022-03-14 18:08:56,749900000000.0
2022-03-14 18:09:56,751200000000.0
2022-03-14 18:10:56,706600000000.0
2022-03-14 18:11:57,736100000000.0
2022-03-14 18:12:57,739900000000.0
2022-03-14 18:13:57,729800000000.0
2022-03-14 18:14:57,749300000000.0
2022-03-14 18:15:57,755000000000.0
2022-03-14 18:16:57,775700000000.0
2022-03-14 18:17:57,799000000000.0
2022-03-14 18:18:58,743000000000.0
2022-03-14 18:19:58,735500000000.0
2022-03-14 18:20:58,719800000000.0
2022-03-15 09:38:02,791400000000.0
2022-03-15 09:39:02,777000000000.0
2022-03-15 09:40:02,768800000000.0
2022-03-15 09:41:02,766900000000.0
2022-03-15 09:42:03,775700000000.0
2022-03-15 09:43:03,773200000000.0
2022-03-15 09:44:03,766300000000.0
2022-03-15 09:45:03,781400000000.0
2022-03-15 09:46:03,785800000000.0
2022-03-15 09:47:03,779500000000.0
2022-03-15 09:48:03,777000000000.0
2022-03-15 09:49:03,766900000000.0
2022-03-15 09:50:04,770000000000.0
2022-03-15 09:51:04,771300000000.0
2022-03-15 09:52:04,763100000000.0
2022-03-15 09:53:04,758700000000.0
2022-03-15 09:54:04,787600000000.0
2022-03-15 09:55:04,754300000000.0
2022-03-15 09:58:05,766300000000.0
2022-03-15 09:59:05,768200000000.0
2022-03-15 10:00:05,750600000000.0
2022-03-15 10:01:05,765600000000.0
2022-03-15 10:02:05,763800000000.0
2022-03-15 10:03:05,766900000000.0
2022-03-15 10:19:06,765600000000.0
2022-03-15 10:20:07,763100000000.0
2022-03-15 10:21:07,781400000000.0
2022-03-15 10:22:07,782600000000.0
2022-03-15 10:23:07,771900000000.0
2022-03-15 10:24:07,765000000000.0
2022-03-15 10:25:07,783200000000.0
2022-03-15 10:26:07,768800000000.0
2022-03-15 10:27:07,765600000000.0
2022-03-15 10:28:08,780700000000.0
2022-03-15 10:29:08,756200000000.0
2022-03-15 10:30:08,790200000000.0
2022-03-15 10:31:08,770700000000.0
2022-03-15 10:32:08,780100000000.0
2022-03-15 10:33:08,774400000000.0
2022-03-15 10:34:09,761200000000.0
2022-03-15 10:35:09,746800000000.0
2022-03-15 10:36:09,756800000000.0
2022-03-15 10:37:09,756800000000.0
2022-03-15 10:38:10,760600000000.0
2022-03-15 10:39:10,741800000000.0
2022-03-15 10:40:10,740500000000.0
2022-03-15 10:41:10,788300000000.0
2022-03-15 10:42:10,785800000000.0
2022-03-15 10:43:10,770000000000.0
2022-03-15 10:44:10,770700000000.0
2022-03-15 10:45:11,763800000000.0
2022-03-15 10:46:11,756800000000.0
2022-03-15 10:47:11,777600000000.0
2022-03-15 10:48:11,759400000000.0
2022-03-15 10:49:11,777600000000.0
2022-03-15 10:50:11,749900000000.0
2022-03-15 10:51:11,755600000000.0
2022-03-15 10:52:12,761900000000.0
2022-03-15 10:53:12,791400000000.0
2022-03-15 10:54:12,763800000000.0
2022-03-15 10:55:12,790200000000.0
2022-03-15 10:56:12,777600000000.0
2022-03-15 10:57:12,782600000000.0
2022-03-15 10:58:12,761200000000.0
2022-03-15 10:59:12,750600000000.0
2022-03-15 11:00:13,749300000000.0
2022-03-15 11:01:13,773200000000.0
2022-03-15 11:02:13,753100000000.0
2022-03-15 11:03:13,792000000000.0
2022-03-15 11:04:13,778200000000.0
2022-03-15 11:05:13,775100000000.0
2022-03-15 11:06:13,766900000000.0
2022-03-15 11:07:13,795800000000.0
2022-03-15 11:08:14,770700000000.0
2022-03-15 11:09:14,784500000000.0
2022-03-15 11:10:14,751800000000.0
2022-03-15 11:11:14,753700000000.0
2022-03-15 11:12:14,780100000000.0
2022-03-15 11:13:14,785100000000.0
2022-03-15 11:14:14,770000000000.0
2022-03-15 11:15:15,732300000000.0
2022-03-15 11:16:15,775700000000.0
2022-03-15 11:17:15,760000000000.0
2022-03-15 11:18:15,764400000000.0
2022-03-15 11:19:15,768800000000.0
2022-03-15 11:20:15,780700000000.0
2022-03-15 11:21:15,757500000000.0
2022-03-15 11:22:16,785800000000.0
2022-03-15 11:23:16,767500000000.0
2022-03-15 11:24:16,757500000000.0
2022-03-15 11:25:16,763100000000.0
2022-03-15 11:26:16,772600000000.0
2022-03-15 11:27:16,760600000000.0
2022-03-15 11:28:16,755600000000.0
2022-03-15 11:29:16,765000000000.0
2022-03-15 11:30:17,763800000000.0
2022-03-15 11:31:17,775100000000.0
2022-03-15 11:32:17,746200000000.0
2022-03-15 11:33:17,750600000000.0
2022-03-15 11:34:17,761900000000.0
2022-03-15 11:35:17,763800000000.0
2022-03-15 11:36:17,750600000000.0
2022-03-15 11:37:18,763100000000.0
2022-03-15 11:38:18,770700000000.0
2022-03-15 11:39:18,741100000000.0
2022-03-15 11:40:18,787000000000.0
2022-03-15 11:41:18,764400000000.0
2022-03-15 11:42:18,736700000000.0
2022-03-15 11:43:18,761200000000.0
2022-03-15 11:44:19,783900000000.0
2022-03-15 11:45:19,784500000000.0
2022-03-15 11:46:19,788900000000.0
2022-03-15 11:47:19,783200000000.0
2022-03-15 11:48:19,739900000000.0
2022-03-15 11:49:19,741100000000.0
2022-03-15 11:50:19,761900000000.0
2022-03-15 11:51:20,778200000000.0
2022-03-15 11:52:20,740500000000.0
2022-03-15 11:53:20,777000000000.0
2022-03-15 11:54:20,770000000000.0
2022-03-15 11:55:20,736100000000.0
2022-03-15 11:56:20,767500000000.0
2022-03-15 11:57:20,757500000000.0
2022-03-15 11:58:20,775700000000.0
2022-03-15 11:59:21,759400000000.0
2022-03-15 12:00:21,771900000000.0
2022-03-15 12:01:21,786400000000.0
2022-03-15 12:02:21,755600000000.0
2022-03-15 12:03:21,805200000000.0
2022-03-15 12:04:21,794600000000.0
2022-03-15 12:05:21,789500000000.0
2022-03-15 12:06:22,804600000000.0
2022-03-15 12:07:22,787000000000.0
2022-03-15 12:08:22,788900000000.0
2022-03-15 12:09:22,793900000000.0
2022-03-15 12:10:22,796400000000.0
2022-03-15 12:11:22,804000000000.0
2022-03-15 12:12:22,744900000000.0
2022-03-15 12:13:23,736100000000.0
2022-03-15 12:14:23,802100000000.0
2022-03-15 12:15:23,758700000000.0
2022-03-15 12:16:23,777000000000.0
2022-03-15 12:17:23,771900000000.0
2022-03-15 12:18:23,767500000000.0
2022-03-15 12:19:23,784500000000.0
2022-03-15 12:20:24,768800000000.0
2022-03-15 12:21:24,802700000000.0
2022-03-15 12:22:24,805200000000.0
2022-03-15 12:23:24,787600000000.0
2022-03-15 12:24:24,774400000000.0
2022-03-15 12:25:24,806500000000.0
2022-03-15 12:26:24,788300000000.0
2022-03-15 12:27:25,785800000000.0
2022-03-15 12:28:25,771900000000.0
2022-03-15 12:29:25,771300000000.0
2022-03-15 12:30:25,781400000000.0
2022-03-15 12:31:25,740500000000.0
2022-03-15 12:32:25,763800000000.0
2022-03-15 12:33:25,768800000000.0
2022-03-15 12:34:26,761200000000.0
2022-03-15 12:35:26,751800000000.0
2022-03-15 12:36:26,818400000000.0
2022-03-15 12:37:26,773800000000.0
2022-03-15 12:38:26,767500000000.0
2022-03-15 12:39:26,788300000000.0
2022-03-15 12:40:26,799000000000.0
2022-03-15 12:41:26,765000000000.0
2022-03-15 12:42:27,776300000000.0
2022-03-15 12:43:27,821000000000.0
2022-03-15 12:44:27,786400000000.0
2022-03-15 12:45:27,752400000000.0
2022-03-15 12:46:27,800800000000.0
2022-03-15 12:47:27,751200000000.0
2022-03-15 12:48:27,775700000000.0
2022-03-15 12:49:27,771300000000.0
2022-03-15 12:50:28,804000000000.0
2022-03-15 12:51:28,785100000000.0
2022-03-15 12:52:28,778200000000.0
2022-03-15 12:53:28,807800000000.0
2022-03-15 12:54:28,822200000000.0
2022-03-15 12:55:28,794600000000.0
2022-03-15 12:56:28,777600000000.0
2022-03-15 12:57:28,793300000000.0
2022-03-15 12:58:29,789500000000.0
2022-03-15 12:59:29,786400000000.0
2022-03-15 13:00:29,778200000000.0
2022-03-15 13:01:29,808400000000.0
2022-03-15 13:02:29,795800000000.0
2022-03-15 13:03:29,771300000000.0
2022-03-15 13:04:29,795200000000.0
2022-03-15 13:05:30,763100000000.0
2022-03-15 13:06:30,787600000000.0
2022-03-15 13:07:30,822200000000.0
2022-03-15 13:09:30,802100000000.0
2022-03-15 13:10:30,771300000000.0
2022-03-15 13:11:30,791400000000.0
2022-03-15 13:12:31,772600000000.0
2022-03-15 13:13:31,794600000000.0
2022-03-15 13:14:31,794600000000.0
2022-03-15 13:15:31,782000000000.0
2022-03-15 13:16:31,787600000000.0
2022-03-15 13:17:31,809000000000.0
2022-03-15 13:18:31,799600000000.0
2022-03-15 13:19:32,778200000000.0
2022-03-15 13:20:32,763100000000.0
2022-03-15 13:21:32,773800000000.0
2022-03-15 13:22:32,752400000000.0
2022-03-15 13:23:32,776300000000.0
2022-03-15 13:24:32,782000000000.0
2022-03-15 13:25:32,782000000000.0
2022-03-15 13:26:32,805200000000.0
2022-03-15 13:27:33,782600000000.0
2022-03-15 13:28:33,800200000000.0
2022-03-15 13:29:33,795200000000.0
2022-03-15 13:30:33,766900000000.0
2022-03-15 13:31:33,765600000000.0
2022-03-15 13:32:33,797100000000.0
2022-03-15 13:33:33,783200000000.0
2022-03-15 13:37:34,800800000000.0
2022-03-15 13:39:34,786400000000.0
2022-03-15 13:40:34,755000000000.0
2022-03-15 13:41:34,776300000000.0
2022-03-15 13:42:35,764400000000.0
2022-03-15 13:43:35,773800000000.0
2022-03-15 13:44:35,785100000000.0
2022-03-15 13:45:35,775100000000.0
2022-03-15 13:46:35,777000000000.0
2022-03-15 13:47:35,773800000000.0
2022-03-15 13:48:35,777000000000.0
2022-03-15 13:49:35,776300000000.0
2022-03-15 13:50:36,764400000000.0
2022-03-15 13:51:36,814700000000.0
2022-03-15 13:52:36,767500000000.0
2022-03-15 13:53:36,774400000000.0
2022-03-15 13:54:36,782600000000.0
2022-03-15 13:55:36,776300000000.0
2022-03-15 13:56:36,781400000000.0
2022-03-15 13:57:36,769400000000.0
2022-03-15 13:58:37,792000000000.0
2022-03-15 13:59:37,760600000000.0
2022-03-15 14:00:37,729800000000.0
2022-03-15 14:01:37,783900000000.0
2022-03-15 14:02:37,776300000000.0
2022-03-15 14:03:37,766300000000.0
2022-03-15 14:04:37,809000000000.0
2022-03-15 14:05:38,776300000000.0
2022-03-15 14:06:38,786400000000.0
2022-03-15 14:07:38,764400000000.0
2022-03-15 14:08:38,750600000000.0
2022-03-15 14:09:38,750600000000.0
2022-03-15 14:10:38,760600000000.0
2022-03-15 14:11:38,773200000000.0
2022-03-15 14:12:38,770000000000.0
2022-03-15 14:13:39,771900000000.0
2022-03-15 14:14:39,762500000000.0
2022-03-15 14:15:39,776300000000.0
2022-03-15 14:16:39,784500000000.0
2022-03-15 14:17:39,792000000000.0
2022-03-15 14:18:39,760000000000.0
2022-03-15 14:19:39,761900000000.0
2022-03-15 14:20:40,751200000000.0
2022-03-15 14:21:40,784500000000.0
2022-03-15 14:22:40,804000000000.0
2022-03-15 14:23:40,794600000000.0
2022-03-15 14:24:40,759400000000.0
2022-03-15 14:25:40,796400000000.0
2022-03-15 14:26:40,766300000000.0
2022-03-15 14:27:40,788300000000.0
2022-03-15 14:28:41,781400000000.0
2022-03-15 14:29:41,773800000000.0
2022-03-15 14:30:41,812800000000.0
2022-03-15 14:31:41,799600000000.0
2022-03-15 14:32:41,782600000000.0
2022-03-15 14:33:41,769400000000.0
2022-03-15 14:34:41,766300000000.0
2022-03-15 14:35:42,739900000000.0
2022-03-15 14:36:42,778200000000.0
2022-03-15 14:37:42,799000000000.0
2022-03-15 14:38:42,771300000000.0
2022-03-15 14:39:42,773200000000.0
2022-03-15 14:40:42,765600000000.0
2022-03-15 14:41:42,766300000000.0
2022-03-15 14:42:43,790200000000.0
2022-03-15 14:43:43,749300000000.0
2022-03-15 14:45:43,777600000000.0
2022-03-15 14:46:43,781400000000.0
2022-03-15 14:47:43,807100000000.0
2022-03-15 14:48:43,790200000000.0
2022-03-15 14:49:43,766900000000.0
2022-03-15 14:50:44,793300000000.0
2022-03-15 14:51:44,774400000000.0
2022-03-15 14:52:44,795200000000.0
2022-03-15 14:53:44,758100000000.0
2022-03-15 14:54:44,782600000000.0
2022-03-15 14:55:44,776300000000.0
2022-03-15 14:56:44,763800000000.0
2022-03-15 14:57:45,787600000000.0
2022-03-15 14:58:45,765600000000.0
2022-03-15 14:59:45,760000000000.0
2022-03-15 15:00:45,805200000000.0
2022-03-15 15:01:45,790200000000.0
2022-03-15 15:02:45,752400000000.0
2022-03-15 15:03:45,767500000000.0
2022-03-15 15:04:46,768800000000.0
2022-03-15 15:05:46,778200000000.0
2022-03-15 15:06:46,770000000000.0
2022-03-15 15:07:46,749300000000.0
2022-03-15 15:08:46,782600000000.0
2022-03-15 15:09:46,744300000000.0
2022-03-15 15:10:46,770000000000.0
2022-03-15 15:11:46,777000000000.0
2022-03-15 15:12:47,780700000000.0
2022-03-15 15:13:47,782600000000.0
2022-03-15 15:14:47,779500000000.0
2022-03-15 15:15:47,777000000000.0
2022-03-15 15:16:47,769400000000.0
2022-03-15 15:17:47,768200000000.0
2022-03-15 15:18:47,767500000000.0
2022-03-15 15:19:48,786400000000.0
2022-03-15 15:20:48,761200000000.0
2022-03-15 15:26:49,783900000000.0
2022-03-15 15:27:49,765600000000.0
2022-03-15 15:28:49,763800000000.0
2022-03-15 15:29:49,785100000000.0
2022-03-15 15:30:49,802700000000.0
2022-03-15 15:31:49,778800000000.0
2022-03-15 15:32:49,811500000000.0
2022-03-15 15:33:50,803400000000.0
2022-03-15 15:34:50,773200000000.0
2022-03-15 15:35:50,783200000000.0
2022-03-15 15:36:50,755000000000.0
2022-03-15 15:37:50,755000000000.0
2022-03-15 15:38:50,784500000000.0
2022-03-15 15:39:50,774400000000.0
2022-03-15 15:40:51,780700000000.0
2022-03-15 15:41:51,782000000000.0
2022-03-15 15:42:51,782000000000.0
2022-03-15 15:43:51,809000000000.0
2022-03-15 15:44:51,775100000000.0
2022-03-15 15:45:51,763100000000.0
2022-03-15 15:46:51,757500000000.0
2022-03-15 15:47:51,742400000000.0
2022-03-15 15:48:52,749900000000.0
2022-03-15 15:49:52,765000000000.0
2022-03-15 15:50:52,777000000000.0
2022-03-15 15:51:52,778200000000.0
2022-03-15 15:52:52,766300000000.0
2022-03-15 15:53:52,764400000000.0
2022-03-15 15:54:52,783200000000.0
2022-03-15 15:55:53,731100000000.0
2022-03-15 15:56:53,757500000000.0
2022-03-15 15:57:53,758700000000.0
2022-03-15 15:58:53,752400000000.0
2022-03-15 15:59:53,732300000000.0
2022-03-15 16:01:53,774400000000.0
2022-03-15 16:02:54,757500000000.0
2022-03-15 16:03:54,751800000000.0
2022-03-15 16:04:54,770000000000.0
2022-03-15 16:05:54,779500000000.0
2022-03-15 16:06:54,722300000000.0
2022-03-15 16:07:54,784500000000.0
2022-03-15 16:08:54,771300000000.0
2022-03-15 16:09:55,756800000000.0
2022-03-15 16:10:55,771900000000.0
2022-03-15 16:11:55,736100000000.0
2022-03-15 16:12:55,766300000000.0
2022-03-15 16:13:55,748000000000.0
2022-03-15 16:14:55,766300000000.0
2022-03-15 16:15:55,762500000000.0
2022-03-15 16:16:55,766300000000.0
2022-03-15 16:17:56,766900000000.0
2022-03-15 16:18:56,793300000000.0
2022-03-15 16:19:56,766300000000.0
2022-03-15 16:20:56,758100000000.0
2022-03-15 16:21:56,756200000000.0
2022-03-15 16:22:56,750600000000.0
2022-03-15 16:23:56,736100000000.0
2022-03-15 16:24:57,775100000000.0
2022-03-15 16:25:57,760000000000.0
2022-03-15 16:26:57,739200000000.0
2022-03-15 16:27:57,753700000000.0
2022-03-15 16:28:57,768200000000.0
2022-03-15 16:29:57,770700000000.0
2022-03-15 16:30:57,772600000000.0
2022-03-15 16:31:58,755000000000.0
2022-03-15 16:32:58,763800000000.0
2022-03-15 16:33:58,743000000000.0
2022-03-15 16:34:58,760000000000.0
2022-03-15 16:35:58,790200000000.0
2022-03-15 16:36:58,753100000000.0
2022-03-15 16:37:58,755600000000.0
2022-03-15 16:38:58,756200000000.0
2022-03-15 16:39:59,763100000000.0
2022-03-15 16:40:59,771900000000.0
2022-03-15 16:41:59,761200000000.0
2022-03-15 16:42:59,776300000000.0
2022-03-15 16:43:59,775700000000.0
2022-03-15 16:44:59,740500000000.0
2022-03-15 16:45:59,752400000000.0
2022-03-15 16:47:00,772600000000.0
2022-03-15 16:48:00,749900000000.0
2022-03-15 16:49:00,755000000000.0
2022-03-15 16:50:01,731700000000.0
2022-03-15 16:51:01,783200000000.0
2022-03-15 16:52:01,731100000000.0
2022-03-15 16:53:01,750600000000.0
2022-03-15 16:54:01,763100000000.0
2022-03-15 16:55:01,767500000000.0
2022-03-15 16:56:01,782000000000.0
2022-03-15 16:57:02,767500000000.0
2022-03-15 16:58:02,755000000000.0
2022-03-15 16:59:02,789500000000.0
2022-03-15 17:00:02,802100000000.0
2022-03-15 17:01:02,767500000000.0
2022-03-15 17:02:02,776300000000.0
2022-03-15 17:03:02,771300000000.0
2022-03-15 17:05:03,788900000000.0
2022-03-15 17:06:03,785800000000.0
2022-03-15 17:07:04,757500000000.0
2022-03-15 17:08:04,789500000000.0
2022-03-15 17:09:04,771900000000.0
2022-03-15 17:10:04,780700000000.0
2022-03-15 17:11:04,801500000000.0
2022-03-15 17:12:04,777000000000.0
2022-03-15 17:13:04,761900000000.0
2022-03-15 17:14:05,769400000000.0
2022-03-15 17:15:05,752400000000.0
2022-03-15 17:16:05,771300000000.0
2022-03-15 17:17:05,790800000000.0
2022-03-15 17:18:05,761200000000.0
2022-03-15 17:19:05,775700000000.0
2022-03-15 17:20:05,756200000000.0
2022-03-15 17:21:06,769400000000.0
2022-03-15 17:22:06,780700000000.0
2022-03-15 17:23:06,796400000000.0
2022-03-15 17:24:06,792000000000.0
2022-03-15 17:25:06,779500000000.0
2022-03-15 17:26:06,775700000000.0
2022-03-15 17:27:06,782600000000.0
2022-03-15 17:28:07,771900000000.0
2022-03-15 17:29:07,793300000000.0
2022-03-15 17:30:07,778200000000.0
2022-03-15 17:31:07,801500000000.0
2022-03-15 17:32:07,773800000000.0
2022-03-15 17:33:07,787600000000.0
2022-03-15 17:34:07,786400000000.0
2022-03-15 17:35:08,771300000000.0
2022-03-15 17:36:08,788900000000.0
2022-03-15 17:37:08,796400000000.0
2022-03-15 17:38:08,784500000000.0
2022-03-15 17:39:08,782600000000.0
2022-03-15 17:40:08,775100000000.0
2022-03-15 17:41:08,765600000000.0
2022-03-15 17:42:09,751200000000.0
2022-03-15 17:43:09,782600000000.0
2022-03-15 17:44:09,775100000000.0
2022-03-15 17:45:09,788300000000.0
2022-03-15 17:46:09,814000000000.0
2022-03-15 17:47:09,766900000000.0
2022-03-15 17:48:09,780100000000.0
2022-03-15 17:49:09,806500000000.0
2022-03-15 17:50:10,773800000000.0
2022-03-15 17:51:10,771900000000.0
2022-03-15 17:52:10,789500000000.0
2022-03-15 17:53:10,792000000000.0
2022-03-15 17:54:10,814700000000.0
2022-03-15 17:55:10,756200000000.0
2022-03-15 17:56:10,797100000000.0
2022-03-15 17:57:11,768800000000.0
2022-03-15 17:58:11,751200000000.0
2022-03-15 17:59:11,775700000000.0
2022-03-15 18:00:11,800800000000.0
2022-03-15 18:01:11,780100000000.0
2022-03-15 18:02:11,772600000000.0
2022-03-15 18:03:11,764400000000.0
2022-03-15 18:04:12,768200000000.0
2022-03-15 18:05:12,761900000000.0
2022-03-15 18:06:12,766900000000.0
2022-03-15 18:07:12,743600000000.0
2022-03-15 18:08:12,767500000000.0
2022-03-15 18:09:12,763800000000.0
2022-03-15 18:10:12,778200000000.0
2022-03-15 18:11:13,787600000000.0
2022-03-15 18:12:13,759400000000.0
2022-03-15 18:13:13,766300000000.0
2022-03-15 18:14:13,780700000000.0
2022-03-15 18:15:13,749300000000.0
2022-03-15 18:16:13,760600000000.0
2022-03-15 18:17:13,761900000000.0
2022-03-15 18:18:14,773800000000.0
2022-03-15 18:19:14,780700000000.0
2022-03-15 18:20:14,751200000000.0
2022-03-15 18:21:14,765000000000.0
2022-03-15 18:22:14,768200000000.0
2022-03-15 18:23:14,740500000000.0
2022-03-15 18:24:14,784500000000.0
2022-03-15 18:25:15,765000000000.0
2022-03-15 18:26:15,765600000000.0
2022-03-15 18:27:15,754300000000.0
2022-03-15 18:28:15,749300000000.0
2022-03-15 18:29:15,765600000000.0
2022-03-15 18:30:15,759400000000.0
2022-03-15 18:31:15,750600000000.0
2022-03-15 18:32:16,777000000000.0
2022-03-15 18:33:16,785800000000.0
2022-03-15 18:34:16,749900000000.0
2022-03-15 18:35:16,751200000000.0
2022-03-15 18:36:16,766300000000.0
2022-03-15 18:37:16,766900000000.0
2022-03-15 18:38:16,767500000000.0
2022-03-15 18:39:17,787600000000.0
2022-03-15 18:40:17,766300000000.0
2022-03-15 18:41:17,766900000000.0
2022-03-15 18:42:17,768200000000.0
2022-03-15 18:43:17,759400000000.0
2022-03-15 18:44:17,754300000000.0
2022-03-15 18:45:17,771300000000.0
2022-03-15 18:46:18,768200000000.0
2022-03-15 18:47:18,754300000000.0
2022-03-15 18:48:18,739200000000.0
2022-03-15 18:49:18,778200000000.0
2022-03-15 18:50:18,744300000000.0
2022-03-15 18:51:18,778800000000.0
2022-03-15 18:52:18,731100000000.0
2022-03-16 09:26:20,773800000000.0
2022-03-16 09:27:20,780700000000.0
2022-03-16 09:28:20,787000000000.0
2022-03-16 09:29:20,796400000000.0
2022-03-16 09:30:21,790200000000.0
2022-03-16 09:31:21,776300000000.0
2022-03-16 09:32:21,787600000000.0
2022-03-16 09:33:21,782000000000.0
2022-03-16 09:34:21,773200000000.0
2022-03-16 09:35:21,770700000000.0
2022-03-16 09:36:22,769400000000.0
2022-03-16 09:37:22,766300000000.0
2022-03-16 09:38:22,753100000000.0
2022-03-16 09:39:22,764400000000.0
2022-03-16 09:40:22,784500000000.0
2022-03-16 09:41:23,765000000000.0
2022-03-16 09:42:23,761200000000.0
2022-03-16 09:43:23,771300000000.0
2022-03-16 09:44:23,799000000000.0
2022-03-16 09:45:23,799000000000.0
2022-03-16 09:46:24,775100000000.0
2022-03-16 09:47:24,786400000000.0
2022-03-16 09:48:24,780100000000.0
2022-03-16 09:49:24,786400000000.0
2022-03-16 09:50:24,791400000000.0
2022-03-16 09:51:25,774400000000.0
2022-03-16 09:52:25,770700000000.0
2022-03-16 09:53:30,782600000000.0
2022-03-16 09:54:31,768200000000.0
2022-03-16 09:55:31,741100000000.0
2022-03-16 09:57:31,783900000000.0
2022-03-16 09:58:31,810300000000.0
2022-03-16 09:59:32,799000000000.0
2022-03-16 10:00:32,802100000000.0
2022-03-16 10:01:32,780700000000.0
2022-03-16 10:02:32,737400000000.0
2022-03-16 10:03:32,770700000000.0
2022-03-16 10:04:33,799000000000.0
2022-03-16 10:05:33,778800000000.0
2022-03-16 10:06:33,755600000000.0
2022-03-16 10:07:33,793900000000.0
2022-03-16 10:08:33,777600000000.0
2022-03-16 10:09:34,791400000000.0
2022-03-16 10:10:34,811500000000.0
2022-03-16 10:11:34,779500000000.0
2022-03-16 10:12:34,768200000000.0
2022-03-16 10:13:34,782000000000.0
2022-03-16 10:14:34,821000000000.0
2022-03-16 10:15:35,793300000000.0
2022-03-16 10:16:35,752400000000.0
2022-03-16 10:17:35,809000000000.0
2022-03-16 10:18:35,777600000000.0
2022-03-16 10:19:35,782000000000.0
2022-03-16 10:20:36,762500000000.0
2022-03-16 10:21:36,782600000000.0
2022-03-16 10:22:36,783200000000.0
2022-03-16 10:23:36,768200000000.0
2022-03-16 10:24:36,800200000000.0
2022-03-16 10:25:37,776300000000.0
2022-03-16 10:26:37,798300000000.0
2022-03-16 10:27:37,798300000000.0
2022-03-16 10:28:37,797700000000.0
2022-03-16 10:41:37,789500000000.0
2022-03-16 10:42:38,789500000000.0
2022-03-16 10:43:38,785800000000.0
2022-03-16 10:44:38,777000000000.0
2022-03-16 10:45:38,777600000000.0
2022-03-16 10:46:38,773200000000.0
2022-03-16 10:47:39,778800000000.0
2022-03-16 10:48:39,802100000000.0
2022-03-16 10:49:39,786400000000.0
2022-03-16 10:50:39,778800000000.0
2022-03-16 10:51:39,782000000000.0
2022-03-16 10:52:40,774400000000.0
2022-03-16 10:53:40,765000000000.0
2022-03-16 10:54:40,761900000000.0
2022-03-16 10:55:40,805200000000.0
2022-03-16 10:56:40,773200000000.0
2022-03-16 10:57:41,773200000000.0
2022-03-16 10:58:41,786400000000.0
2022-03-16 10:59:41,771900000000.0
2022-03-16 11:00:41,775100000000.0
2022-03-16 11:01:41,775100000000.0
2022-03-16 11:02:42,774400000000.0
2022-03-16 11:03:42,810300000000.0
2022-03-16 11:04:42,790200000000.0
2022-03-16 11:46:42,782000000000.0
2022-03-16 11:47:42,775100000000.0
2022-03-16 11:48:43,785100000000.0
2022-03-16 11:49:43,771900000000.0
2022-03-16 11:50:43,782600000000.0
2022-03-16 11:51:43,765000000000.0
2022-03-16 11:52:43,783200000000.0
2022-03-16 11:53:44,778800000000.0
2022-03-16 11:54:44,793900000000.0
2022-03-16 11:55:44,771900000000.0
2022-03-16 11:56:44,818400000000.0
2022-03-16 11:57:44,796400000000.0
2022-03-16 11:58:45,792700000000.0
2022-03-16 11:59:45,781400000000.0
2022-03-16 12:00:45,786400000000.0
2022-03-16 12:01:45,756800000000.0
2022-03-16 12:02:45,791400000000.0
2022-03-16 12:03:46,758100000000.0
2022-03-16 12:04:46,790800000000.0
2022-03-16 12:05:46,822200000000.0
2022-03-16 12:06:46,778800000000.0
2022-03-16 12:07:46,753100000000.0
2022-03-16 12:08:47,765600000000.0
2022-03-16 12:09:47,785100000000.0
2022-03-16 12:10:47,777000000000.0
2022-03-16 12:11:47,763100000000.0
2022-03-16 12:12:47,758700000000.0
2022-03-16 12:13:48,773200000000.0
2022-03-16 12:14:48,766900000000.0
2022-03-16 12:15:48,777600000000.0
2022-03-16 12:16:48,772600000000.0
2022-03-16 12:17:48,768800000000.0
2022-03-16 12:18:49,796400000000.0
2022-03-16 12:19:49,766900000000.0
2022-03-16 12:20:49,765600000000.0
2022-03-16 12:21:49,775700000000.0
2022-03-16 12:22:49,788300000000.0
2022-03-16 12:23:50,771300000000.0
2022-03-16 12:24:50,791400000000.0
2022-03-16 12:25:50,767500000000.0
2022-03-16 12:26:50,793900000000.0
2022-03-16 12:27:51,795800000000.0
2022-03-16 12:28:51,773200000000.0
2022-03-16 12:29:51,762500000000.0
2022-03-16 12:30:51,772600000000.0
2022-03-16 12:31:51,768800000000.0
2022-03-16 12:32:52,787600000000.0
2022-03-16 12:33:52,782000000000.0
2022-03-16 12:34:52,800800000000.0
2022-03-16 12:35:52,771300000000.0
2022-03-16 12:36:52,793300000000.0
2022-03-16 12:37:52,772600000000.0
2022-03-16 12:38:53,762500000000.0
2022-03-16 12:39:53,782600000000.0
2022-03-16 12:40:53,777600000000.0
2022-03-16 12:41:53,799000000000.0
2022-03-16 12:42:54,783900000000.0
2022-03-16 12:43:54,793900000000.0
2022-03-16 12:44:54,784500000000.0
2022-03-16 12:45:54,769400000000.0
2022-03-16 12:46:54,814000000000.0
2022-03-16 12:47:55,756800000000.0
2022-03-16 12:48:55,770000000000.0
2022-03-16 12:49:55,797100000000.0
2022-03-16 12:50:52,777000000000.0
2022-03-16 12:51:52,767500000000.0
2022-03-16 12:52:52,789500000000.0
2022-03-16 12:53:52,772600000000.0
2022-03-16 12:54:55,744900000000.0
2022-03-16 12:55:55,783900000000.0
2022-03-16 12:56:55,770000000000.0
2022-03-16 12:57:56,771900000000.0
2022-03-16 12:58:56,765600000000.0
2022-03-16 12:59:56,757500000000.0
2022-03-16 13:00:56,772600000000.0
2022-03-16 13:01:56,775100000000.0
2022-03-16 13:02:56,785100000000.0
2022-03-16 13:03:56,748000000000.0
2022-03-16 13:04:56,767500000000.0
2022-03-16 13:05:56,782000000000.0
2022-03-16 13:06:56,748000000000.0
2022-03-16 13:07:56,773800000000.0
2022-03-16 13:08:56,778200000000.0
2022-03-16 13:09:56,777000000000.0
2022-03-16 13:10:56,769400000000.0
2022-03-16 13:11:56,800800000000.0
2022-03-16 13:12:57,788900000000.0
2022-03-16 13:13:57,807100000000.0
2022-03-16 13:14:57,779500000000.0
2022-03-16 13:15:57,782600000000.0
2022-03-16 13:16:57,785100000000.0
2022-03-16 13:17:57,779500000000.0
2022-03-16 13:18:57,791400000000.0
2022-03-16 13:19:57,790800000000.0
2022-03-16 13:20:57,783900000000.0
2022-03-16 13:21:57,768800000000.0
2022-03-16 13:22:57,789500000000.0
2022-03-16 13:23:57,758700000000.0
2022-03-16 13:24:57,799000000000.0
2022-03-16 13:25:58,766300000000.0
2022-03-16 13:26:58,788900000000.0
2022-03-16 13:27:58,785800000000.0
2022-03-16 13:28:58,783900000000.0
2022-03-16 13:29:58,783900000000.0
2022-03-16 13:30:58,772600000000.0
2022-03-16 13:31:58,771900000000.0
2022-03-16 13:32:58,769400000000.0
2022-03-16 13:33:58,791400000000.0
2022-03-16 13:34:58,793900000000.0
2022-03-16 13:35:58,802700000000.0
2022-03-16 13:36:58,778200000000.0
2022-03-16 13:37:58,779500000000.0
2022-03-16 13:38:58,799600000000.0
2022-03-16 13:39:58,795200000000.0
2022-03-16 13:40:58,794600000000.0
2022-03-16 13:41:59,811500000000.0
2022-03-16 13:42:59,762500000000.0
2022-03-16 13:43:59,782600000000.0
2022-03-16 13:44:59,779500000000.0
2022-03-16 13:45:59,788300000000.0
2022-03-16 13:46:59,765000000000.0
2022-03-16 13:47:59,773200000000.0
2022-03-16 13:48:59,753700000000.0
2022-03-16 13:49:59,768800000000.0
2022-03-16 13:50:59,766900000000.0
2022-03-16 13:51:59,705900000000.0
2022-03-16 13:52:59,762500000000.0
2022-03-16 13:53:59,775100000000.0
2022-03-16 13:55:00,755600000000.0
2022-03-16 13:56:00,771900000000.0
2022-03-16 13:57:00,773200000000.0
2022-03-16 13:58:00,794600000000.0
2022-03-16 13:59:00,778200000000.0
2022-03-16 14:00:00,787600000000.0
2022-03-16 14:01:00,777000000000.0
2022-03-16 14:02:00,770700000000.0
2022-03-16 14:04:00,780100000000.0
2022-03-16 14:05:00,779500000000.0
2022-03-16 14:06:00,780100000000.0
2022-03-16 14:07:00,780700000000.0
2022-03-16 14:08:00,751200000000.0
2022-03-16 14:09:00,765600000000.0
2022-03-16 14:10:01,753700000000.0
2022-03-16 14:11:01,780700000000.0
2022-03-16 14:12:01,764400000000.0
2022-03-16 14:13:01,793300000000.0
2022-03-16 14:14:01,787000000000.0
2022-03-16 14:15:01,767500000000.0
2022-03-16 14:16:01,783200000000.0
2022-03-16 14:17:01,774400000000.0
2022-03-16 14:18:01,783200000000.0
2022-03-16 14:19:01,780100000000.0
2022-03-16 14:20:01,784500000000.0
2022-03-16 14:21:01,785800000000.0
2022-03-16 14:22:01,768200000000.0
2022-03-16 14:23:01,778800000000.0
2022-03-16 14:24:02,780700000000.0
2022-03-16 14:25:02,752400000000.0
2022-03-16 14:26:02,790800000000.0
2022-03-16 14:27:02,777600000000.0
2022-03-16 14:28:02,787600000000.0
2022-03-16 14:29:02,792000000000.0
2022-03-16 14:30:02,786400000000.0
2022-03-16 14:31:02,782000000000.0
2022-03-16 14:32:02,793900000000.0
2022-03-16 14:33:02,770700000000.0
2022-03-16 14:34:02,763100000000.0
2022-03-16 14:35:02,807100000000.0
2022-03-16 14:36:02,785800000000.0
2022-03-16 14:37:03,793900000000.0
2022-03-16 14:38:03,772600000000.0
2022-03-16 14:39:03,792700000000.0
2022-03-16 14:40:03,814000000000.0
2022-03-16 14:41:03,795800000000.0
2022-03-16 14:42:03,764400000000.0
2022-03-16 14:43:03,753700000000.0
2022-03-16 14:44:03,768800000000.0
2022-03-16 14:45:03,744900000000.0
2022-03-16 14:46:03,857400000000.0
2022-03-16 14:47:03,748000000000.0
2022-03-16 14:48:03,782000000000.0
2022-03-16 14:49:03,773800000000.0
2022-03-16 14:50:03,753700000000.0
2022-03-16 14:51:03,787000000000.0
2022-03-16 14:52:04,804000000000.0
2022-03-16 14:53:04,780100000000.0
2022-03-16 14:54:04,783200000000.0
2022-03-16 14:55:04,772600000000.0
2022-03-16 14:56:04,785800000000.0
2022-03-16 14:57:04,790200000000.0
2022-03-16 14:58:04,771300000000.0
2022-03-16 14:59:04,748700000000.0
2022-03-16 15:00:04,772600000000.0
2022-03-16 15:01:04,799600000000.0
2022-03-16 15:02:03,759400000000.0
2022-03-16 15:03:03,792000000000.0
2022-03-16 15:04:03,727900000000.0
2022-03-16 15:05:03,780100000000.0
2022-03-16 15:06:03,775700000000.0
2022-03-16 15:07:03,757500000000.0
2022-03-16 15:08:03,781400000000.0
2022-03-16 15:09:03,771300000000.0
2022-03-16 15:10:03,815900000000.0
2022-03-16 15:11:03,783200000000.0
2022-03-16 15:12:03,800200000000.0
2022-03-16 15:13:03,788300000000.0
2022-03-16 15:14:03,765000000000.0
2022-03-16 15:15:03,763100000000.0
2022-03-16 15:16:03,775100000000.0
2022-03-16 15:17:03,790800000000.0
2022-03-16 15:18:03,756200000000.0
2022-03-16 15:19:03,777000000000.0
2022-03-16 15:20:03,734800000000.0
2022-03-16 15:21:03,770000000000.0
2022-03-16 15:22:03,792700000000.0
2022-03-16 15:23:03,771900000000.0
2022-03-16 15:24:03,785100000000.0
2022-03-16 15:25:03,786400000000.0
2022-03-16 15:26:03,795200000000.0
2022-03-16 15:27:03,785100000000.0
2022-03-16 15:28:03,778200000000.0
2022-03-16 15:29:03,787600000000.0
2022-03-16 15:30:03,813400000000.0
2022-03-16 15:31:03,766900000000.0
2022-03-16 15:32:03,783200000000.0
2022-03-16 15:33:03,744900000000.0
2022-03-16 15:34:03,779500000000.0
2022-03-16 15:35:03,799600000000.0
2022-03-16 15:36:03,781400000000.0
2022-03-16 15:37:03,792000000000.0
2022-03-16 15:38:03,749300000000.0
2022-03-16 15:39:03,789500000000.0
2022-03-16 15:40:03,787000000000.0
2022-03-16 15:41:03,790200000000.0
2022-03-16 15:42:03,748700000000.0
2022-03-16 15:43:03,772600000000.0
2022-03-16 15:44:03,797100000000.0
2022-03-16 15:45:03,810300000000.0
2022-03-16 15:46:03,766300000000.0
2022-03-16 15:47:03,757500000000.0
2022-03-16 15:48:03,793900000000.0
2022-03-16 15:49:03,751200000000.0
2022-03-16 15:50:03,782600000000.0
2022-03-16 15:51:03,804600000000.0
2022-03-16 15:52:03,785800000000.0
2022-03-16 15:53:03,770000000000.0
2022-03-16 15:54:03,785100000000.0
2022-03-16 15:55:03,752400000000.0
2022-03-16 15:56:03,534900000000.00006
2022-03-16 15:57:03,313700000000.0
2022-03-16 15:58:04,215000000000.0
2022-03-16 15:59:04,210000000000.0
2022-03-16 16:00:04,218800000000.0
2022-03-16 16:01:04,238200000000.0
2022-03-16 16:02:04,272800000000.0
2022-03-16 16:03:03,314900000000.0
2022-03-16 16:04:03,91800000000.0
2022-03-16 16:05:04,18900000000.0
2022-03-16 16:06:04,8800000000.0
2022-03-16 16:07:04,276000000000.0
2022-03-16 16:08:04,221300000000.0
2022-03-16 16:09:04,208100000000.0
2022-03-16 16:10:04,220000000000.0
2022-03-16 16:11:04,186700000000.0
2022-03-16 16:12:04,221300000000.0
2022-03-16 16:13:04,252100000000.0
2022-03-16 16:14:04,243900000000.0
2022-03-16 16:15:04,225000000000.0
2022-03-16 16:16:04,245800000000.0
2022-03-16 16:17:04,243300000000.0
2022-03-16 16:18:04,237600000000.0
2022-03-16 16:19:04,318100000000.0
2022-03-16 16:20:04,286600000000.0
2022-03-16 16:21:04,54700000000.0
2022-03-16 16:22:04,11900000000.0
2022-03-16 16:23:04,150900000000.0
2022-03-16 16:24:04,260200000000.0
2022-03-16 16:25:04,574500000000.0
2022-03-16 16:26:04,831600000000.0
2022-03-16 16:27:04,793900000000.0
2022-03-16 16:28:04,751800000000.0
2022-03-16 16:29:04,774400000000.0
2022-03-16 16:30:04,781400000000.0
2022-03-16 16:31:04,772600000000.0
2022-03-16 16:32:04,792000000000.0
2022-03-16 16:33:04,791400000000.0
2022-03-16 16:34:04,773800000000.0
2022-03-16 16:35:04,775700000000.0
2022-03-16 16:36:04,780700000000.0
2022-03-16 16:37:04,779500000000.0
2022-03-16 16:38:04,768200000000.0
2022-03-16 16:39:04,774400000000.0
2022-03-16 16:40:04,776300000000.0
2022-03-16 16:41:04,782600000000.0
2022-03-16 16:42:04,785100000000.0
2022-03-16 16:43:04,775100000000.0
2022-03-16 16:44:04,782000000000.0
2022-03-16 16:45:04,780700000000.0
2022-03-16 16:46:04,797100000000.0
2022-03-16 16:47:04,783900000000.0
2022-03-16 16:48:04,782000000000.0
2022-03-16 16:49:04,774400000000.0
2022-03-16 16:50:04,794600000000.0
2022-03-16 16:51:04,824100000000.0
2022-03-16 16:52:04,800800000000.0
2022-03-16 16:53:04,783900000000.0
2022-03-16 16:54:04,773800000000.0
2022-03-16 16:55:04,763800000000.0
2022-03-16 16:56:04,787600000000.0
2022-03-16 16:57:04,744300000000.0
2022-03-16 16:58:04,804600000000.0
2022-03-16 16:59:04,778200000000.0
2022-03-16 17:00:04,778800000000.0
2022-03-16 17:01:04,789500000000.0
2022-03-16 17:02:04,790200000000.0
2022-03-16 17:03:04,800200000000.0
2022-03-16 17:04:04,766300000000.0
2022-03-16 17:05:04,765600000000.0
2022-03-16 17:06:04,777600000000.0
2022-03-16 17:07:04,771900000000.0
2022-03-16 17:08:04,749900000000.0
2022-03-16 17:09:04,789500000000.0
2022-03-16 17:10:04,767500000000.0
2022-03-16 17:11:04,778200000000.0
2022-03-16 17:12:04,780100000000.0
2022-03-16 17:13:04,799600000000.0
2022-03-16 17:14:04,775100000000.0
2022-03-16 17:15:04,786400000000.0
2022-03-16 17:16:04,770700000000.0
2022-03-16 17:17:04,790800000000.0
2022-03-16 17:18:04,763100000000.0
2022-03-16 17:19:04,777600000000.0
2022-03-16 17:20:04,802700000000.0
2022-03-16 17:21:04,804600000000.0
2022-03-16 17:22:04,782000000000.0
2022-03-16 17:23:04,777000000000.0
2022-03-16 17:24:04,806500000000.0
2022-03-16 17:25:04,777600000000.0
2022-03-16 17:26:04,742400000000.0
2022-03-16 17:27:05,783900000000.0
2022-03-16 17:28:05,785100000000.0
2022-03-16 17:29:05,799000000000.0
2022-03-16 17:30:05,768800000000.0
2022-03-16 17:31:05,779500000000.0
2022-03-16 17:32:05,772600000000.0
2022-03-16 17:33:05,772600000000.0
2022-03-16 17:34:05,807100000000.0
2022-03-16 17:35:06,776300000000.0
2022-03-16 17:36:06,779500000000.0
2022-03-16 17:37:06,778200000000.0
2022-03-16 17:38:06,756200000000.0
2022-03-16 17:39:06,775700000000.0
2022-03-16 17:40:06,778200000000.0
2022-03-16 17:41:06,788900000000.0
2022-03-16 17:42:06,800200000000.0
2022-03-16 17:43:07,787600000000.0
2022-03-16 17:44:07,764400000000.0
2022-03-16 17:45:07,767500000000.0
2022-03-16 17:46:07,785100000000.0
2022-03-16 17:47:07,753100000000.0
2022-03-16 17:48:07,781400000000.0
2022-03-16 17:49:07,797100000000.0
2022-03-16 17:50:08,760600000000.0
2022-03-16 17:51:08,809600000000.0
2022-03-16 17:52:08,746200000000.0
2022-03-16 17:53:08,780700000000.0
2022-03-17 09:02:48,779500000000.0
2022-03-17 09:03:48,826600000000.0
2022-03-17 09:04:48,789500000000.0
2022-03-17 09:05:48,765600000000.0
2022-03-17 09:06:48,766300000000.0
2022-03-17 09:07:49,760000000000.0
2022-03-17 09:08:49,796400000000.0
2022-03-17 09:09:49,793900000000.0
2022-03-17 09:10:49,794600000000.0
2022-03-17 09:11:49,768200000000.0
2022-03-17 09:12:49,768200000000.0
2022-03-17 09:13:49,802700000000.0
2022-03-17 09:14:50,766900000000.0
2022-03-17 09:15:50,766300000000.0
2022-03-17 09:16:50,765600000000.0
2022-03-17 09:17:50,773200000000.0
2022-03-17 09:18:50,788900000000.0
2022-03-17 09:19:50,775700000000.0
2022-03-17 09:20:50,790800000000.0
2022-03-17 09:21:51,775100000000.0
2022-03-17 09:22:51,789500000000.0
2022-03-17 09:23:51,779500000000.0
2022-03-17 09:24:51,785800000000.0
2022-03-17 09:25:51,768200000000.0
2022-03-17 09:26:51,757500000000.0
2022-03-17 09:27:51,756200000000.0
2022-03-17 09:28:52,805200000000.0
2022-03-17 09:29:52,784500000000.0
2022-03-17 09:30:52,767500000000.0
2022-03-17 09:31:52,752400000000.0
2022-03-17 09:32:52,753100000000.0
2022-03-17 09:33:52,778200000000.0
2022-03-17 09:34:52,775100000000.0
2022-03-17 09:35:52,763800000000.0
2022-03-17 09:36:53,777600000000.0
2022-03-17 09:37:53,778200000000.0
2022-03-17 09:38:53,778200000000.0
2022-03-17 09:39:53,751800000000.0
2022-03-17 09:40:53,795800000000.0
2022-03-17 09:41:53,783200000000.0
2022-03-17 09:42:53,782000000000.0
2022-03-17 09:43:54,770000000000.0
2022-03-17 09:44:54,775700000000.0
2022-03-17 09:45:54,780100000000.0
2022-03-17 09:46:54,760600000000.0
2022-03-17 09:47:54,783200000000.0
2022-03-17 09:48:54,766300000000.0
2022-03-17 09:49:54,764400000000.0
2022-03-17 09:50:54,787000000000.0
2022-03-17 09:51:55,775700000000.0
2022-03-17 09:52:55,786400000000.0
2022-03-17 09:53:55,772600000000.0
2022-03-17 09:54:55,770000000000.0
2022-03-17 09:55:55,767500000000.0
2022-03-17 09:56:55,760000000000.0
2022-03-17 09:57:55,771300000000.0
2022-03-17 09:58:56,768200000000.0
2022-03-17 10:01:56,785800000000.0
2022-03-17 10:02:56,773800000000.0
2022-03-17 10:03:56,750600000000.0
2022-03-17 10:04:56,761900000000.0
2022-03-17 10:27:58,782000000000.0
2022-03-17 10:28:58,780700000000.0
2022-03-17 10:29:58,787000000000.0
2022-03-17 10:30:58,777000000000.0
2022-03-17 10:31:59,763100000000.0
2022-03-17 10:32:59,773200000000.0
2022-03-17 10:33:59,778200000000.0
2022-03-17 10:34:59,768800000000.0
2022-03-17 10:35:59,771900000000.0
2022-03-17 10:36:59,804600000000.0
2022-03-17 10:37:59,773200000000.0
2022-03-17 10:38:59,771900000000.0
2022-03-17 10:40:00,781400000000.0
2022-03-17 10:41:00,774400000000.0
2022-03-17 10:42:00,795200000000.0
2022-03-17 10:43:00,783900000000.0
2022-03-17 10:44:00,782000000000.0
2022-03-17 10:45:00,770700000000.0
2022-03-17 10:46:00,763100000000.0
2022-03-17 10:47:01,782600000000.0
2022-03-17 10:48:01,753100000000.0
2022-03-17 10:49:01,785800000000.0
2022-03-17 10:50:01,757500000000.0
2022-03-17 10:51:01,766300000000.0
2022-03-17 10:52:01,763100000000.0
2022-03-17 10:53:01,784500000000.0
2022-03-17 10:54:01,766300000000.0
2022-03-17 10:55:02,771900000000.0
2022-03-17 10:56:02,765000000000.0
2022-03-17 10:57:02,780100000000.0
2022-03-17 10:58:02,746800000000.0
2022-03-17 10:59:02,773800000000.0
2022-03-17 11:00:02,774400000000.0
2022-03-17 11:01:02,792000000000.0
2022-03-17 11:02:02,799600000000.0
2022-03-17 11:03:03,748000000000.0
2022-03-17 11:04:03,778200000000.0
2022-03-17 11:05:03,761200000000.0
2022-03-17 11:06:03,770000000000.0
2022-03-17 11:07:03,746200000000.0
2022-03-17 11:08:03,779500000000.0
2022-03-17 11:09:03,773800000000.0
2022-03-17 11:10:04,783200000000.0
2022-03-17 11:11:04,778800000000.0
2022-03-17 11:12:04,789500000000.0
2022-03-17 11:13:04,792000000000.0
2022-03-17 11:14:04,759400000000.0
2022-03-17 11:15:04,780100000000.0
2022-03-17 11:16:04,727300000000.0
2022-03-17 11:17:05,778800000000.0
2022-03-17 11:18:05,782000000000.0
2022-03-17 11:19:05,762500000000.0
2022-03-17 11:20:05,765000000000.0
2022-03-17 11:21:05,780100000000.0
2022-03-17 11:22:05,773200000000.0
2022-03-17 11:23:05,783200000000.0
2022-03-17 11:24:06,785800000000.0
2022-03-17 11:25:06,773200000000.0
2022-03-17 11:26:06,784500000000.0
2022-03-17 11:27:06,783900000000.0
2022-03-17 11:28:06,773800000000.0
2022-03-17 11:29:06,771300000000.0
2022-03-17 11:30:06,804600000000.0
2022-03-17 11:31:07,759400000000.0
2022-03-17 11:32:07,753100000000.0
2022-03-17 11:33:07,768200000000.0
2022-03-17 11:34:07,791400000000.0
2022-03-17 11:35:07,776300000000.0
2022-03-17 11:36:07,777600000000.0
2022-03-17 11:37:07,768800000000.0
2022-03-17 11:38:07,778200000000.0
2022-03-17 11:39:08,748000000000.0
2022-03-17 11:40:08,796400000000.0
2022-03-17 11:41:08,777000000000.0
2022-03-17 11:42:08,778800000000.0
2022-03-17 11:43:08,793900000000.0
2022-03-17 11:44:08,782000000000.0
2022-03-17 11:45:08,767500000000.0
2022-03-17 11:46:09,785100000000.0
2022-03-17 11:47:09,773200000000.0
2022-03-17 11:48:09,794600000000.0
2022-03-17 11:49:09,774400000000.0
2022-03-17 11:50:09,780700000000.0
2022-03-17 11:51:09,759400000000.0
2022-03-17 11:52:09,775700000000.0
2022-03-17 11:53:09,773800000000.0
2022-03-17 11:54:10,739200000000.0
2022-03-17 11:55:10,788300000000.0
2022-03-17 11:56:10,797700000000.0
2022-03-17 11:57:10,780700000000.0
2022-03-17 11:58:10,765000000000.0
2022-03-17 11:59:10,785100000000.0
2022-03-17 12:00:10,745500000000.0
2022-03-17 12:01:11,777000000000.0
2022-03-17 12:02:11,760600000000.0
2022-03-17 12:03:11,764400000000.0
2022-03-17 12:04:11,768800000000.0
2022-03-17 12:05:11,748000000000.0
2022-03-17 12:06:11,777000000000.0
2022-03-17 12:07:11,793900000000.0
2022-03-17 12:08:12,783200000000.0
2022-03-17 12:09:12,785100000000.0
2022-03-17 12:10:12,765000000000.0
2022-03-17 12:11:12,775100000000.0
2022-03-17 12:12:12,774400000000.0
2022-03-17 12:13:12,762500000000.0
2022-03-17 12:14:12,765600000000.0
2022-03-17 12:15:13,812200000000.0
2022-03-17 12:16:13,805200000000.0
2022-03-17 12:17:13,771900000000.0
2022-03-17 12:18:13,788300000000.0
2022-03-17 12:19:13,790200000000.0
2022-03-17 12:20:13,764400000000.0
2022-03-17 12:21:13,782000000000.0
2022-03-17 12:22:13,780700000000.0
2022-03-17 12:23:14,760000000000.0
2022-03-17 12:24:14,763800000000.0
2022-03-17 12:25:14,799600000000.0
2022-03-17 12:26:14,771300000000.0
2022-03-17 12:27:14,770700000000.0
2022-03-17 12:28:14,773800000000.0
2022-03-17 12:29:14,760000000000.0
2022-03-17 12:30:14,768200000000.0
2022-03-17 12:31:15,764400000000.0
2022-03-17 12:32:15,781400000000.0
2022-03-17 12:33:15,765000000000.0
2022-03-17 12:34:15,749300000000.0
2022-03-17 12:35:15,761200000000.0
2022-03-17 12:36:15,772600000000.0
2022-03-17 12:37:15,775100000000.0
2022-03-17 12:38:16,794600000000.0
2022-03-17 12:39:16,755000000000.0
2022-03-17 12:40:16,780100000000.0
2022-03-17 12:41:16,768800000000.0
2022-03-17 12:42:16,739900000000.0
2022-03-17 12:43:16,761200000000.0
2022-03-17 12:44:16,776300000000.0
2022-03-17 12:45:16,771900000000.0
2022-03-17 12:46:17,778800000000.0
2022-03-17 12:47:17,763100000000.0
2022-03-17 12:48:17,761900000000.0
2022-03-17 12:49:17,751800000000.0
2022-03-17 12:50:17,779500000000.0
2022-03-17 12:51:17,757500000000.0
2022-03-17 12:52:17,768200000000.0
2022-03-17 12:53:18,740500000000.0
2022-03-17 12:54:18,776300000000.0
2022-03-17 12:55:18,794600000000.0
2022-03-17 12:56:18,780700000000.0
2022-03-17 12:57:18,785100000000.0
2022-03-17 12:58:18,764400000000.0
2022-03-17 12:59:18,763800000000.0
2022-03-17 13:00:18,773200000000.0
2022-03-17 13:01:19,775100000000.0
2022-03-17 13:02:19,765600000000.0
2022-03-17 13:03:19,764400000000.0
2022-03-17 13:04:19,776300000000.0
2022-03-17 13:05:19,770000000000.0
2022-03-17 13:06:19,765000000000.0
2022-03-17 13:07:19,767500000000.0
2022-03-17 13:08:20,755600000000.0
2022-03-17 13:09:20,787600000000.0
2022-03-17 13:10:20,780100000000.0
2022-03-17 13:11:20,772600000000.0
2022-03-17 13:12:20,758700000000.0
2022-03-17 13:13:20,766900000000.0
2022-03-17 13:14:20,768200000000.0
2022-03-17 13:15:21,756800000000.0
2022-03-17 13:16:21,761900000000.0
2022-03-17 13:17:21,787600000000.0
2022-03-17 13:18:21,796400000000.0
2022-03-17 13:19:21,768800000000.0
2022-03-17 13:20:21,774400000000.0
2022-03-17 13:21:21,790800000000.0
2022-03-17 13:22:21,773200000000.0
2022-03-17 13:23:22,797700000000.0
2022-03-17 13:24:22,773800000000.0
2022-03-17 13:29:23,783900000000.0
2022-03-17 13:30:23,778800000000.0
2022-03-17 13:31:23,761900000000.0
2022-03-17 13:32:23,786400000000.0
2022-03-17 13:33:23,784500000000.0
2022-03-17 13:34:23,772600000000.0
2022-03-17 13:35:23,794600000000.0
2022-03-17 13:36:24,800200000000.0
2022-03-17 13:37:24,778800000000.0
2022-03-17 13:38:24,765000000000.0
2022-03-17 13:39:24,794600000000.0
2022-03-17 13:40:24,777000000000.0
2022-03-17 13:41:24,767500000000.0
2022-03-17 13:42:24,755600000000.0
2022-03-17 13:43:24,777000000000.0
2022-03-17 13:44:25,747400000000.0
2022-03-17 13:45:25,774400000000.0
2022-03-17 13:46:25,787600000000.0
2022-03-17 13:47:25,759400000000.0
2022-03-17 13:48:25,765000000000.0
2022-03-17 13:49:25,808400000000.0
2022-03-17 13:50:25,789500000000.0
2022-03-17 13:51:26,780100000000.0
2022-03-17 13:52:26,770000000000.0
2022-03-17 13:53:26,766300000000.0
2022-03-17 13:54:26,765000000000.0
2022-03-17 13:55:26,769400000000.0
2022-03-17 13:56:26,741800000000.0
2022-03-17 13:57:26,765600000000.0
2022-03-17 13:58:27,768800000000.0
2022-03-17 13:59:27,770700000000.0
2022-03-17 14:00:27,790800000000.0
2022-03-17 14:01:27,788300000000.0
2022-03-17 14:02:27,760000000000.0
2022-03-17 14:03:27,768800000000.0
2022-03-17 14:04:27,767500000000.0
2022-03-17 14:05:28,775100000000.0
2022-03-17 14:06:28,805900000000.0
2022-03-17 14:07:28,771300000000.0
2022-03-17 14:08:28,780100000000.0
2022-03-17 14:09:28,792000000000.0
2022-03-17 14:10:28,786400000000.0
2022-03-17 14:11:28,772600000000.0
2022-03-17 14:12:28,765600000000.0
2022-03-17 14:13:28,772600000000.0
2022-03-17 14:14:29,770700000000.0
2022-03-17 14:15:29,755600000000.0
2022-03-17 14:16:29,784500000000.0
2022-03-17 14:17:29,769400000000.0
2022-03-17 14:18:29,773200000000.0
2022-03-17 14:19:29,765600000000.0
2022-03-17 14:20:29,782600000000.0
2022-03-17 14:21:30,780100000000.0
2022-03-17 14:22:30,752400000000.0
2022-03-17 14:23:30,775100000000.0
2022-03-17 14:24:30,823500000000.0
2022-03-17 14:25:30,759400000000.0
2022-03-17 14:26:30,775700000000.0
2022-03-17 14:27:30,802700000000.0
2022-03-17 14:28:31,824100000000.0
2022-03-17 14:29:31,752400000000.0
2022-03-17 14:30:31,770000000000.0
2022-03-17 14:31:31,776300000000.0
2022-03-17 14:32:31,775700000000.0
2022-03-17 14:33:31,770700000000.0
2022-03-17 14:34:31,768800000000.0
2022-03-17 14:35:32,763800000000.0
2022-03-17 14:36:32,793300000000.0
2022-03-17 14:37:32,775700000000.0
2022-03-17 14:38:32,768800000000.0
2022-03-17 14:39:32,782600000000.0
2022-03-17 14:40:32,758700000000.0
2022-03-17 14:41:32,777600000000.0
2022-03-17 14:42:32,782000000000.0
2022-03-17 14:43:32,788300000000.0
2022-03-17 14:44:33,772600000000.0
2022-03-17 14:45:33,769400000000.0
2022-03-17 14:46:34,773800000000.0
2022-03-17 14:47:34,747400000000.0
2022-03-17 14:48:34,766300000000.0
2022-03-17 14:49:34,782000000000.0
2022-03-17 14:50:34,785100000000.0
2022-03-17 14:51:34,765000000000.0
2022-03-17 14:52:34,787600000000.0
2022-03-17 14:53:34,774400000000.0
2022-03-17 14:54:34,781400000000.0
2022-03-17 14:55:35,775100000000.0
2022-03-17 14:56:35,767500000000.0
2022-03-17 14:57:35,811500000000.0
2022-03-17 14:58:35,788300000000.0
2022-03-17 14:59:36,733000000000.0
2022-03-17 15:00:36,785100000000.0
2022-03-17 15:01:36,783200000000.0
2022-03-17 15:02:36,774400000000.0
2022-03-17 15:03:36,786400000000.0
2022-03-17 15:04:36,772600000000.0
2022-03-17 15:05:37,757500000000.0
2022-03-17 15:06:37,740500000000.0
2022-03-17 15:07:37,768200000000.0
2022-03-17 15:08:37,775100000000.0
2022-03-17 15:09:37,770700000000.0
2022-03-17 15:10:37,788900000000.0
2022-03-17 15:11:37,782600000000.0
2022-03-17 15:12:38,780100000000.0
2022-03-17 15:13:38,763100000000.0
2022-03-17 15:14:38,795800000000.0
2022-03-17 15:15:38,758700000000.0
2022-03-17 15:16:38,780700000000.0
2022-03-17 15:17:38,769400000000.0
2022-03-17 15:18:38,777000000000.0
2022-03-17 15:19:39,778200000000.0
2022-03-17 15:20:39,785100000000.0
2022-03-17 15:21:39,787600000000.0
2022-03-17 15:22:39,782000000000.0
2022-03-17 15:23:39,773800000000.0
2022-03-17 15:24:39,776300000000.0
2022-03-17 15:25:39,767500000000.0
2022-03-17 15:26:40,784500000000.0
2022-03-17 15:27:40,769400000000.0
2022-03-17 15:28:40,778800000000.0
2022-03-17 15:29:40,761200000000.0
2022-03-17 15:30:40,766300000000.0
2022-03-17 15:31:40,761200000000.0
2022-03-17 15:32:40,769400000000.0
2022-03-17 15:33:40,785100000000.0
2022-03-17 15:34:41,756200000000.0
2022-03-17 15:35:41,755600000000.0
2022-03-17 15:36:41,737400000000.0
2022-03-17 15:37:41,768200000000.0
2022-03-17 15:38:41,778200000000.0
2022-03-17 15:39:41,773800000000.0
2022-03-17 15:40:41,758100000000.0
2022-03-17 15:41:42,787000000000.0
2022-03-17 15:42:42,781400000000.0
2022-03-17 15:43:42,776300000000.0
2022-03-17 15:44:42,788900000000.0
2022-03-17 15:45:42,794600000000.0
2022-03-17 15:46:42,784500000000.0
2022-03-17 15:47:42,749300000000.0
2022-03-17 15:48:42,788300000000.0
2022-03-17 15:49:43,761900000000.0
2022-03-17 15:50:43,799000000000.0
2022-03-17 15:51:43,780100000000.0
2022-03-17 15:52:43,755000000000.0
2022-03-17 15:53:43,768200000000.0
2022-03-17 15:54:43,779500000000.0
2022-03-17 15:55:43,778200000000.0
2022-03-17 15:56:44,739200000000.0
2022-03-17 15:57:44,774400000000.0
2022-03-17 15:58:44,767500000000.0
2022-03-17 15:59:44,782000000000.0
2022-03-17 16:00:44,746200000000.0
2022-03-17 16:01:44,780700000000.0
2022-03-17 16:02:44,790200000000.0
2022-03-17 16:03:44,768800000000.0
2022-03-17 16:04:44,755600000000.0
2022-03-17 16:05:45,764400000000.0
2022-03-17 16:06:45,761900000000.0
2022-03-17 16:07:45,778200000000.0
2022-03-17 16:08:45,748000000000.0
2022-03-17 16:09:45,784500000000.0
2022-03-17 16:10:45,758700000000.0
2022-03-17 16:11:45,784500000000.0
2022-03-17 16:12:45,759400000000.0
2022-03-17 16:13:46,775700000000.0
2022-03-17 16:14:46,770700000000.0
2022-03-17 16:15:46,759400000000.0
2022-03-17 16:16:46,756800000000.0
2022-03-17 16:17:46,777000000000.0
2022-03-17 16:18:46,780100000000.0
2022-03-17 16:19:46,773800000000.0
2022-03-17 16:20:46,768800000000.0
2022-03-17 16:21:47,775700000000.0
2022-03-17 16:22:47,749900000000.0
2022-03-17 16:23:47,764400000000.0
2022-03-17 16:24:47,781400000000.0
2022-03-17 16:25:47,778200000000.0
2022-03-17 16:26:47,785100000000.0
2022-03-17 16:27:47,794600000000.0
2022-03-17 16:28:47,741100000000.0
2022-03-17 16:29:48,751200000000.0
2022-03-17 16:30:48,783200000000.0
2022-03-17 16:31:48,774400000000.0
2022-03-17 16:32:48,782600000000.0
2022-03-17 16:33:48,778200000000.0
2022-03-17 16:34:48,770700000000.0
2022-03-17 16:35:48,789500000000.0
2022-03-17 16:36:49,785100000000.0
2022-03-17 16:37:49,767500000000.0
2022-03-17 16:38:49,779500000000.0
2022-03-17 16:39:49,806500000000.0
2022-03-17 16:40:49,775700000000.0
2022-03-17 16:41:49,756800000000.0
2022-03-17 16:42:49,755600000000.0
2022-03-17 16:43:50,780700000000.0
2022-03-17 16:44:50,756200000000.0
2022-03-17 16:45:50,780100000000.0
2022-03-17 16:46:50,778200000000.0
2022-03-17 16:47:50,766300000000.0
2022-03-17 16:48:50,790800000000.0
2022-03-17 16:49:51,759400000000.0
2022-03-17 16:50:51,788900000000.0
2022-03-17 16:51:51,760600000000.0
2022-03-17 16:52:51,769400000000.0
2022-03-17 16:53:51,780100000000.0
2022-03-17 16:54:51,760000000000.0
2022-03-17 16:55:51,770700000000.0
2022-03-17 16:56:51,766900000000.0
2022-03-17 16:57:52,761900000000.0
2022-03-17 16:58:52,768200000000.0
2022-03-17 16:59:52,758100000000.0
2022-03-17 17:00:52,790200000000.0
2022-03-17 17:01:52,810300000000.0
2022-03-17 17:02:52,773200000000.0
2022-03-17 17:03:52,778800000000.0
2022-03-17 17:04:53,745500000000.0
2022-03-17 17:05:53,770000000000.0
