HardReset,nRW,nRO,nOOT,nIT
0,0,0,0,0
0,0,0,0,0
0,0,0,0,0
0,0,0,0,0
0,0,0,0,0
0,0,0,0,0
0,0,0,0,0
0,0,0,0,0
0,0,0,0,0
0,0,0,0,0
0,0,0,0,0
0,0,0,0,0
0,0,0,0,0
0,0,0,0,0
0,0,0,0,0
0,0,0,0,0
0,0,0,0,0
0,0,0,0,0
0,0,0,0,0
0,0,0,0,0
0,0,0,0,0
0,0,0,0,0
0,0,0,0,0
0,0,0,0,0
0,0,0,0,0
0,0,0,0,0
0,0,0,0,0
0,0,0,0,0
0,0,0,0,0
0,0,0,0,0
0,0,0,0,0
0,0,0,0,0
0,0,0,0,0
0,0,0,0,0
0,0,0,0,0
0,0,0,0,0
0,0,0,0,0
0,0,0,0,0
0,0,0,0,0
0,0,0,0,0
0,0,0,0,0
0,0,0,0,0
0,0,0,0,0
0,0,0,0,0
0,0,0,0,0
0,0,0,0,0
0,0,0,0,0
0,0,0,0,0
0,0,0,0,0
0,0,0,0,0
0,0,0,0,0
0,0,0,0,0
0,0,0,0,0
0,0,0,0,0
0,0,0,0,0
0,0,0,0,0
0,0,0,0,0
0,0,0,0,0
0,0,0,0,0
0,0,0,0,0
0,0,0,0,0
0,0,0,0,0
0,0,0,0,0
0,0,0,0,0
0,0,0,0,0
0,0,0,0,0
0,0,0,0,0
0,0,0,0,0
0,0,0,0,0
0,0,0,0,0
0,0,0,0,0
0,0,0,0,0
0,0,0,0,0
0,0,0,0,0
0,0,0,0,0
0,0,0,0,0
0,0,0,0,0
0,0,0,0,0
0,0,0,0,0
0,0,0,0,0
0,0,0,0,0
0,0,0,0,0
0,0,0,0,0
0,0,0,0,0
0,0,0,0,0
0,0,0,0,0
0,0,0,0,0
0,0,0,0,0
0,0,0,0,0
0,26,0,0,0
0,26,0,0,0
0,0,0,0,0
0,0,0,0,0
0,0,0,0,0
0,0,0,0,0
0,0,0,0,0
0,0,0,0,0
0,0,0,0,0
0,0,0,0,0
0,0,0,0,0
0,0,0,0,0
0,0,0,0,0
0,0,0,0,0
0,0,0,0,0
0,0,0,0,0
0,0,0,0,0
0,0,0,0,0
0,0,0,0,0
0,0,0,0,0
0,0,0,0,0
0,0,0,0,0
0,0,0,0,0
0,0,0,0,0
0,0,0,0,0
0,0,0,0,0
0,0,0,0,0
0,0,0,0,0
0,0,0,0,0
0,0,0,0,0
0,0,0,0,0
0,0,0,0,0
0,0,0,0,0
0,0,0,0,0
0,0,0,0,0
0,0,0,0,0
0,0,0,0,0
0,0,0,0,0
0,0,0,0,0
0,237,96,360536469,0
0,0,0,400618586,0
0,237,101,360529104,0
0,237,86,361218063,0
0,0,0,400621905,0
0,237,85,360569333,0
0,237,84,401474578,0
0,0,0,0,0
0,224,4,0,0
0,0,0,0,0
0,0,0,400612822,0
0,6,0,400601505,0
0,0,0,400608544,0
0,0,0,400597958,0
0,0,0,0,0
0,2,0,0,0
0,0,0,0,0
0,0,0,0,0
0,2,0,0,0
0,2,0,0,0
0,2,0,0,0
0,0,0,0,0
0,0,0,0,0
0,0,0,0,0
0,0,0,0,0
0,0,0,0,0
0,0,0,0,0
0,0,0,0,0
0,0,0,0,0
0,0,0,0,0
0,0,0,0,0
0,0,0,0,0
0,0,0,0,0
0,0,0,0,0
0,0,0,0,0
0,0,0,0,0
1,237,99,360562492,0
0,0,0,441327251,0
0,0,0,0,0
0,0,0,0,0
0,2,0,0,0
0,2,0,0,0
0,0,0,0,0
0,0,0,0,0
0,0,0,0,0
0,0,0,0,0
0,0,0,0,0
0,0,0,0,0
0,0,0,0,0
0,0,0,0,0
0,0,0,0,0
0,0,0,0,0
0,0,0,0,0
0,0,0,0,0
0,0,0,0,0
0,0,0,0,0
0,0,0,0,0
0,0,0,0,0
0,0,0,0,0
0,0,0,0,0
0,0,0,0,0
0,0,0,0,0
0,0,0,0,0
0,0,0,0,0
0,0,0,0,0
0,0,0,0,0
0,0,0,0,0
0,0,0,0,0
0,0,0,0,0
0,0,0,0,0
0,0,0,0,0
0,0,0,0,0
0,0,7,0,0
0,0,0,0,0
0,0,0,0,0
0,0,0,0,0
0,0,0,0,0
0,0,0,0,0
0,0,0,0,0
0,0,0,0,0
0,0,0,0,0
0,0,0,0,0
0,0,0,0,0
0,0,0,0,0
0,0,0,0,0
0,0,0,0,0
0,0,0,0,0
0,0,0,0,0
0,0,0,0,0
0,0,0,0,0
0,0,0,0,0
0,0,0,0,0
0,0,0,0,0
0,0,0,0,0
0,0,0,0,0
0,0,0,0,0
1,237,91,360517450,0
0,0,0,400570342,0
0,0,0,400574653,0
0,0,0,400596511,0
0,0,0,401303103,0
0,0,0,0,0
0,0,0,0,0
0,0,0,0,0
0,0,0,0,0
0,0,0,0,0
0,0,0,0,0
0,0,0,0,0
0,0,0,0,0
0,0,0,0,0
0,0,0,0,0
0,0,0,0,0
0,0,0,0,0
0,0,0,0,0
0,0,0,0,0
0,0,0,0,0
0,0,0,0,0
0,0,0,0,0
0,0,0,0,0
0,0,0,0,0
0,0,0,0,0
0,0,0,0,0
0,0,0,0,0
0,0,0,0,0
0,0,0,0,0
0,0,0,0,0
0,0,0,0,0
0,0,0,0,0
0,0,0,0,0
0,0,0,0,0
0,0,0,0,0
0,0,0,0,0
0,0,0,0,0
0,0,0,0,0
0,0,0,0,0
1,237,95,401255714,0
0,0,0,0,0
1,237,96,400582241,0
0,0,0,0,0
0,0,0,0,0
0,0,0,0,0
0,0,0,0,0
0,0,0,0,0
0,0,0,0,0
0,0,0,0,0
0,0,0,0,0
0,0,0,0,0
0,0,0,0,0
0,0,0,0,0
0,0,0,0,0
0,0,0,0,0
0,0,0,0,0
0,0,0,0,0
0,0,0,0,0
0,0,0,0,0
0,0,0,0,0
0,0,0,0,0
0,0,0,0,0
0,0,0,0,0
0,0,0,0,0
0,0,0,0,0
0,0,0,0,0
0,0,0,0,0
0,0,0,0,0
0,0,0,0,0
0,0,0,0,0
0,0,0,0,0
0,0,0,0,0
0,0,0,0,0
0,0,0,0,0
1,237,132,400591678,0
1,237,0,400612974,0
1,237,0,400578584,0
1,237,0,400612557,0
0,0,0,0,0
0,0,0,0,0
0,0,0,0,0
0,0,0,0,0
0,0,0,0,0
0,0,0,0,0
0,0,0,0,0
0,0,0,0,0
0,0,0,0,0
0,0,0,0,0
0,0,0,0,0
0,0,0,0,0
0,0,0,0,0
0,0,0,0,0
0,0,0,0,0
0,0,0,0,0
0,0,0,0,0
0,0,0,0,0
0,0,0,0,0
0,0,0,0,0
0,0,0,0,0
0,0,0,0,0
0,0,0,0,1
0,0,0,0,0
0,0,0,0,0
0,0,0,0,0
0,0,0,0,0
0,0,0,0,0
0,0,0,0,0
0,0,0,0,0
0,0,0,0,0
0,0,0,0,0
0,0,0,0,0
0,0,0,0,0
0,0,0,0,0
0,0,0,0,0
0,0,0,0,0
0,0,0,0,0
0,0,0,0,0
0,0,0,0,0
0,0,0,0,0
0,0,0,0,0
0,0,0,0,0
0,0,0,0,0
0,0,0,0,0
0,0,0,0,0
0,0,0,0,0
0,0,0,0,0
0,0,0,0,0
0,0,0,0,0
0,0,0,0,0
0,0,0,0,0
0,0,0,0,0
0,0,0,0,0
0,0,0,0,0
0,0,0,0,0
0,0,0,0,0
0,0,0,0,0
0,0,0,0,0
0,0,0,0,0
1,237,96,400528233,0
1,237,0,400491919,401019590
1,237,0,400633268,0
1,237,0,400623396,0
1,237,0,400607147,0
1,237,0,400611239,0
1,237,0,400556954,0
1,237,0,400642380,0
1,237,0,400604053,0
1,237,0,401389043,0
1,237,0,400623934,0
1,237,0,400622966,0
1,237,0,400557467,0
1,237,0,0,0
0,0,0,0,0
0,0,0,0,0
0,0,0,0,0
0,0,0,0,0
0,0,0,0,0
0,0,0,0,0
0,0,0,0,0
0,0,0,0,0
0,0,0,0,0
0,0,0,0,0
0,0,0,0,0
0,0,0,0,0
0,0,0,0,0
0,0,0,0,0
0,0,0,0,0
0,0,0,0,0
0,0,0,0,0
0,0,0,0,0
0,0,0,0,0
0,0,0,0,0
0,0,0,0,0
0,0,0,0,0
0,0,0,0,0
0,0,0,0,0
0,0,0,0,0
0,0,0,0,0
0,0,0,0,0
0,0,0,0,0
0,0,0,0,0
0,0,0,0,0
0,0,0,0,0
0,0,0,0,0
0,0,0,12,5
0,0,0,0,0
0,0,0,0,0
0,0,0,0,0
0,0,0,0,0
0,0,0,0,0
0,0,0,0,0
0,0,0,0,0
0,0,0,14,0
0,0,0,28,0
0,0,0,25,0
0,0,0,13,0
0,0,0,21,0
0,0,0,3,0
0,0,0,8,0
0,0,0,4,0
0,0,0,1,0
0,0,0,0,0
0,0,0,4,0
0,0,0,3,3
0,0,0,0,0
0,0,0,3,0
0,0,0,2,0
0,0,0,0,0
0,0,0,3,0
0,0,0,8,0
0,0,0,5,7
0,0,0,5,0
0,0,0,0,0
0,0,0,0,0
0,0,0,0,0
0,0,0,1,2
0,0,0,2,0
0,0,0,2,0
0,0,0,4,0
0,0,0,1,0
0,0,0,4,0
0,0,0,2,0
0,0,0,4,0
0,0,0,1,0
0,0,0,2,0
0,0,0,2,0
0,0,0,1,0
0,0,0,1,0
0,0,0,2,0
0,0,0,7,0
0,0,0,7,0
0,0,0,5,0
0,0,0,3,0
0,0,0,4,0
0,0,0,3,0
0,0,0,3,0
0,0,0,4,2
0,0,0,0,0
0,0,0,2,0
0,0,0,4,0
0,0,0,3,0
0,0,0,3,0
0,0,0,7,0
0,0,0,17,0
0,0,0,4,0
0,0,0,3,0
0,0,0,6,0
0,0,0,3,2
0,0,0,0,0
0,0,0,1,0
0,0,0,0,0
0,0,0,5,0
0,0,0,3,0
0,0,0,3,0
0,0,0,0,0
0,0,0,1,2
0,0,0,4,0
0,0,0,0,0
0,0,0,10,0
0,0,0,5,0
0,0,0,1,0
0,0,0,1,0
0,0,0,0,0
0,0,0,0,0
0,0,0,1,0
0,0,0,0,0
0,0,0,2,0
0,0,0,2,0
0,0,0,3,0
0,0,0,2,0
0,0,0,3,0
0,0,0,2,0
0,0,0,2,0
0,0,0,0,0
0,0,0,2,0
0,0,0,2,0
0,0,0,2,0
0,0,0,1,0
0,0,0,2,0
0,0,0,0,0
0,0,0,1,0
0,0,0,1,0
0,0,0,3,0
0,0,0,0,0
0,0,0,1,0
0,0,0,1,0
0,237,98,360492554,0
0,0,0,400602717,0
0,0,0,400597823,0
0,0,0,401516642,0
0,0,0,400589708,0
0,0,0,400573875,0
0,0,0,400583672,0
0,237,77,360572707,0
0,237,78,400617968,361428269
0,0,0,400589354,0
0,0,0,400619758,0
0,0,0,400587085,0
0,0,0,400578589,0
0,0,0,400546025,0
0,0,0,400628404,0
0,237,87,400498338,0
0,0,0,360996882,0
0,0,0,400458186,0
0,0,0,400486994,0
0,0,0,400568239,0
0,0,0,400578822,0
0,0,0,400609095,0
0,0,0,400595235,0
0,0,0,400552087,0
0,0,0,400593641,0
0,0,0,400602287,0
0,0,0,400597217,0
0,0,0,441342353,0
0,0,0,400606655,0
0,0,0,400571246,0
0,0,0,400536006,0
0,0,0,400593526,0
0,0,0,400569926,401391384
0,0,0,400567771,0
0,0,0,400609658,0
0,0,0,400592507,0
0,237,87,360541971,0
0,0,0,400616021,0
0,0,0,400517212,0
0,0,0,400587882,0
0,0,0,441373008,0
0,0,0,400614306,0
0,237,85,360516029,0
0,0,0,401262405,0
0,0,0,400613891,0
0,0,0,400576321,0
0,0,0,400603163,0
0,0,0,360521787,0
0,0,0,400593355,0
0,0,0,400578728,0
0,237,82,360518677,0
0,0,0,400543886,0
0,0,0,400586188,0
0,0,0,400476413,0
0,0,0,400554887,0
0,237,80,360477114,0
0,0,0,400601050,0
0,0,0,361203800,0
0,237,97,360528334,0
0,0,0,400490866,0
0,0,0,400961261,0
0,0,0,400489399,0
0,237,84,360429405,0
0,0,0,401087929,0
0,0,0,400599005,0
0,0,0,400565208,442059565
0,0,0,360530418,0
0,0,0,400607726,0
0,0,0,400618707,0
0,0,0,400624039,0
0,0,0,400573757,0
0,0,0,400592770,0
0,0,0,400609394,0
0,0,0,0,0
0,0,0,0,0
0,0,0,0,0
0,0,0,0,0
0,0,0,2,0
0,0,0,0,0
0,0,0,0,0
0,0,0,2,0
0,0,0,1,0
0,0,0,1,0
0,0,0,0,0
0,0,0,2,0
0,0,0,0,0
0,0,0,0,0
0,0,0,1,4
0,0,0,4,0
0,0,0,1,0
0,0,0,3,0
0,0,0,5,0
0,0,0,1,0
0,0,0,3,0
0,0,0,2,0
0,0,0,2,0
0,0,0,0,0
0,0,0,1,0
0,0,0,2,0
0,0,0,2,0
0,0,0,2,0
0,0,0,2,0
0,0,0,7,0
0,0,0,5,0
0,0,0,5,0
0,0,0,3,0
0,0,0,4,0
0,0,0,14,0
0,0,0,8,0
0,0,0,6,0
0,0,0,23,0
0,0,0,0,0
0,0,0,7,0
0,0,0,2,0
0,0,0,2,0
0,0,0,1,0
0,0,0,0,3
0,1,0,0,0
0,0,0,6,0
0,0,0,1,0
0,0,0,15,0
0,0,0,3,0
0,0,0,4,0
0,0,0,2,0
0,0,0,1,0
0,0,0,0,0
0,0,0,10,0
0,0,0,4,0
0,0,0,6,0
0,0,0,1,0
0,0,0,0,3
0,0,0,12,0
0,0,0,15,0
0,0,0,56,0
0,0,0,9,0
0,0,0,25,0
0,0,0,7,0
0,0,0,7,0
0,0,0,3,0
0,0,0,6,0
0,0,0,5,5
0,0,0,8,0
0,0,0,2,0
0,0,0,4,0
0,0,0,1,0
0,0,0,2,0
0,0,0,0,0
0,0,0,5,0
0,0,0,0,0
0,0,0,1,0
0,0,0,4,0
0,0,0,4,0
0,0,0,2,0
0,0,0,0,0
0,0,0,1,0
0,0,0,1,7
0,0,0,3,0
0,0,0,2,0
0,0,0,0,0
0,0,0,0,0
0,0,0,7,0
0,0,0,3,0
0,0,0,2,0
0,0,0,4,0
0,0,0,4,0
0,0,0,8,0
0,0,0,8,0
0,0,0,23,0
0,0,0,12,0
0,0,0,7,0
0,0,0,5,0
0,0,0,4,0
0,0,0,3,0
0,0,0,33,35
0,0,0,30,0
0,0,0,49,0
0,0,0,35,0
0,0,0,12,0
0,0,0,7,0
0,0,0,5,0
0,0,0,6,0
0,0,0,4,0
0,0,0,3,0
0,0,0,1,0
0,0,0,1,0
0,0,0,2,0
0,0,0,2,0
0,0,0,0,0
0,0,0,3,0
0,0,0,0,0
0,0,0,3,0
0,0,0,1,0
0,0,0,6,0
0,0,0,2,0
0,0,0,1,0
0,0,0,6,0
0,0,0,5,0
0,0,0,4,0
0,0,0,2,0
0,0,0,5,2
0,0,0,4,0
0,0,0,6,0
0,0,0,11,0
0,0,0,5,0
0,0,0,5,0
0,0,0,4,0
0,0,0,6,0
0,0,0,6,0
0,0,0,2,0
0,0,0,4,0
0,0,0,1,0
0,0,0,0,0
0,0,0,9,0
0,0,0,8,0
0,0,0,2,0
0,0,0,1,0
0,0,0,4,0
0,0,0,0,0
0,0,0,4,0
0,0,0,1,0
0,0,0,2,0
0,0,0,4,0
0,0,0,3,0
0,0,0,3,0
0,0,0,1,0
0,0,0,1,0
0,0,0,0,0
0,0,0,3,0
0,0,0,3,0
0,0,0,0,0
0,0,0,0,0
0,0,0,1,0
0,0,0,1,0
0,0,0,6,0
0,0,0,1,0
0,0,0,3,10
0,0,0,4,0
0,0,0,1,0
0,0,0,5,0
0,0,0,2,0
0,0,0,3,0
0,0,0,4,0
0,0,0,2,1
0,0,0,2,0
0,0,0,0,0
0,0,0,6,0
0,0,0,5,0
0,0,0,0,0
0,0,0,1,0
0,0,0,2,0
0,0,0,3,0
0,0,0,0,0
0,0,0,1,0
0,0,0,4,0
0,0,0,0,0
0,0,0,1,0
0,0,0,0,0
0,0,0,5,0
0,0,0,0,0
0,0,0,8,0
0,0,0,2,0
0,0,0,1,0
0,0,0,1,0
0,0,0,0,0
0,0,0,0,2
0,0,0,0,0
0,0,0,1,0
0,0,0,1,0
0,0,0,0,4
0,0,0,4,0
0,0,0,5,0
0,0,0,1,0
0,0,0,2,0
0,0,0,4,0
0,0,0,2,0
0,0,0,1,0
0,0,0,0,0
0,0,0,1,0
0,0,0,1,0
0,0,0,1,0
0,0,0,7,0
0,0,0,5,0
0,0,0,2,0
0,0,0,10,0
0,0,0,1,0
0,0,0,3,0
0,0,0,1,0
0,0,0,4,0
0,0,0,2,0
0,0,0,0,0
0,0,0,0,0
0,0,0,2,0
0,0,0,0,0
0,0,0,0,0
0,0,0,1,0
0,0,0,0,0
0,0,0,0,0
0,0,0,0,0
0,0,0,3,0
0,0,0,1,0
0,0,0,0,0
0,0,0,2,0
0,0,0,3,0
0,0,0,3,0
0,0,0,0,0
0,0,0,0,0
0,0,0,4,0
0,0,0,0,0
0,0,0,1,0
0,0,0,0,0
0,0,0,3,0
0,0,0,1,0
0,0,0,1,0
0,0,0,0,0
0,0,0,0,0
0,0,0,0,0
0,0,0,6,0
0,0,0,1,0
0,0,0,2,0
0,0,0,1,0
0,0,0,13,0
0,0,0,1,0
0,0,0,1,0
0,0,0,2,0
0,0,0,0,0
0,0,0,1,0
0,0,0,0,0
0,0,0,2,0
0,0,0,1,0
0,0,0,0,0
0,0,0,4,0
0,0,0,0,0
0,0,0,12,0
0,0,0,5,0
0,0,0,4,0
0,0,0,1,0
0,0,0,0,0
0,0,0,0,0
0,0,0,0,0
0,0,0,0,0
0,0,0,2,0
0,0,0,1,0
0,0,0,0,0
0,0,0,1,0
0,0,0,0,0
0,0,0,4,0
0,0,0,21,0
0,0,0,54,0
0,0,0,0,0
0,0,0,3,0
0,0,0,10,0
0,0,0,6,0
0,0,0,12,0
0,0,0,8,0
0,0,0,2,0
0,0,0,15,0
0,0,0,6,0
0,0,0,5,0
0,0,0,10,0
0,0,0,18,0
0,0,0,0,0
0,0,0,1,0
0,0,0,21,0
0,0,0,19,0
0,0,0,21,0
0,0,0,26,0
0,0,0,17,0
0,0,0,18,0
0,0,0,14,30
0,0,0,16,0
0,0,0,8,0
0,0,0,7,0
0,0,0,7,0
0,0,0,4,0
0,0,0,10,0
0,0,0,2,0
0,0,0,7,0
0,0,0,21,0
0,0,0,42,0
0,0,0,33,0
0,0,0,15,0
0,0,0,39,0
0,0,0,19,0
0,0,0,14,0
0,0,0,58,0
0,0,0,5,0
0,0,0,33,0
0,0,0,27,0
0,0,0,27,0
0,0,0,38,0
0,0,0,33,0
0,0,0,37,0
0,0,0,5,0
0,0,0,8,0
0,0,0,15,0
0,0,0,5,0
0,0,0,7,0
0,0,0,6,0
0,0,0,14,0
0,0,0,7,0
0,0,0,7,0
0,0,0,5,0
0,0,0,7,0
0,0,0,2,0
0,0,0,15,0
0,0,0,0,0
0,0,0,2,0
0,0,0,11,0
0,0,0,0,0
0,0,0,17,0
0,0,0,4,0
0,0,0,9,0
0,0,0,5,0
0,0,0,7,0
0,0,0,6,0
0,0,0,7,0
0,0,0,8,0
0,0,0,14,0
0,0,0,36,0
0,0,0,17,0
0,0,0,45,0
0,0,0,5,0
0,0,0,11,0
0,0,0,45,0
0,0,0,30,0
0,0,0,5,0
0,0,0,8,0
0,0,0,9,0
0,0,0,0,5
0,0,0,4,0
0,0,0,7,0
0,0,0,6,0
0,0,0,1,0
0,0,0,2,0
0,0,0,4,0
0,0,0,8,0
0,0,0,5,0
0,0,0,10,0
0,0,0,11,16
0,0,0,14,0
0,0,0,28,0
0,0,0,11,0
0,0,0,5,0
0,0,0,9,0
0,0,0,11,0
0,0,0,5,0
0,0,0,7,0
0,0,0,9,0
0,0,0,4,0
0,0,0,10,0
0,0,0,1,0
0,0,0,26,8
0,0,0,11,0
0,0,0,29,0
0,0,0,11,0
0,0,0,3,0
0,0,0,2,0
0,0,0,1,0
0,0,0,0,0
0,0,0,2,0
0,0,0,1,0
0,0,0,0,0
0,0,0,1,0
0,0,0,3,0
0,0,0,3,0
0,0,0,1,0
0,0,0,4,0
0,0,0,4,0
0,0,0,1,0
0,0,0,2,0
0,0,0,2,0
0,0,0,5,0
0,0,0,1,0
0,0,0,0,0
0,0,0,0,0
0,0,0,2,0
0,0,0,1,0
0,0,0,8,0
0,0,0,5,0
0,0,0,5,0
0,0,0,2,0
0,0,0,2,0
0,0,0,0,4
0,0,0,1,0
0,0,0,2,0
0,0,0,5,0
0,0,0,1,0
0,0,0,3,0
0,0,0,1,0
0,0,0,1,0
0,0,0,4,0
0,0,0,2,0
0,0,0,0,0
0,0,0,1,0
0,0,0,1,0
0,0,0,2,0
0,0,0,2,0
0,0,0,2,0
0,0,0,2,0
0,0,0,1,0
0,0,0,1,0
0,0,0,1,0
0,0,0,3,0
0,0,0,1,0
0,0,0,2,0
0,0,0,2,0
0,0,0,2,0
0,0,0,6,0
0,0,0,8,0
0,0,0,3,0
0,0,0,7,0
0,0,0,0,0
0,0,0,7,0
0,0,0,1,0
0,0,0,4,0
0,0,0,5,0
0,0,0,1,0
0,0,0,0,0
0,0,0,1,0
0,0,0,2,78
0,0,0,5,0
0,0,0,6,0
0,0,0,0,0
0,0,0,4,0
0,0,0,0,0
0,0,0,1,0
0,0,0,0,0
0,0,0,3,0
0,0,0,4,0
0,0,0,4,0
0,0,0,4,0
0,0,0,2,0
0,0,0,1,0
0,0,0,9,0
0,0,0,2,819
0,0,0,7,0
0,0,0,0,0
0,0,0,0,0
0,0,0,0,0
0,0,0,0,0
0,0,0,0,0
0,0,0,0,0
0,0,0,0,0
0,0,0,0,0
0,0,0,0,0
0,0,0,0,0
0,0,0,0,0
0,0,0,0,0
0,0,0,0,0
0,0,0,0,0
0,0,0,0,0
0,0,0,0,0
0,0,0,0,0
0,0,0,0,0
0,0,0,0,0
0,0,0,0,0
0,0,0,0,0
0,0,0,0,0
0,0,0,0,0
0,0,0,0,0
0,0,0,0,0
0,0,0,0,0
0,0,0,0,0
0,0,0,0,0
0,0,0,0,0
0,0,0,0,0
0,0,0,0,0
0,0,0,0,0
0,0,0,0,0
0,0,0,0,0
0,0,0,0,0
0,0,0,0,0
0,0,0,0,0
0,0,0,0,0
0,0,0,0,0
0,0,0,0,0
0,0,0,0,0
0,0,0,0,0
0,0,0,0,0
0,0,0,0,0
0,0,0,0,0
0,0,0,0,0
0,0,0,0,0
0,0,0,0,0
0,0,0,0,0
0,0,0,0,0
0,0,0,0,0
0,0,0,0,0
0,0,0,0,0
0,0,0,0,0
0,0,0,0,0
0,0,0,0,0
0,0,0,0,0
0,0,0,0,0
0,0,0,0,0
0,0,0,0,0
0,0,0,0,0
0,0,0,0,0
0,0,0,0,0
0,0,0,0,0
0,0,0,0,0
0,0,0,0,0
0,0,0,0,0
0,0,0,0,0
0,0,0,0,0
0,0,0,0,0
0,0,0,0,0
0,0,0,0,0
0,0,0,0,0
0,0,0,0,0
0,0,0,0,0
0,0,0,0,0
0,0,0,0,0
0,0,0,0,0
0,0,0,0,0
0,0,0,0,0
0,0,0,0,0
0,0,0,0,0
0,0,0,0,0
0,0,0,0,0
0,0,0,0,0
0,0,0,0,0
0,0,0,0,0
0,0,0,0,0
0,0,0,0,0
0,0,0,0,0
0,0,0,0,0
0,0,0,0,0
0,0,0,0,0
0,0,0,0,0
0,0,0,0,0
0,0,0,0,155
0,0,0,0,0
0,0,0,0,0
0,0,0,0,0
0,0,0,0,0
0,0,0,0,0
0,0,0,0,0
0,0,0,0,0
0,0,0,0,0
0,0,0,0,0
0,0,0,0,0
0,0,0,0,0
0,0,0,0,0
0,0,0,0,0
0,0,0,0,0
0,0,0,0,0
0,0,0,0,0
0,0,0,0,0
0,0,0,0,0
0,0,0,0,0
0,0,0,0,165
0,0,0,0,0
0,0,0,0,0
0,0,0,0,0
0,0,0,0,0
0,0,0,0,0
0,0,0,0,0
0,0,0,0,0
0,0,0,0,0
0,0,0,0,0
0,0,0,0,0
0,0,0,0,60
0,0,0,0,0
0,0,0,0,0
0,0,0,0,0
0,0,0,0,0
0,0,0,0,0
0,0,0,0,0
0,0,0,0,0
0,0,0,0,0
0,0,0,0,0
0,0,0,0,0
0,0,0,0,0
0,0,0,0,0
0,0,0,0,0
0,0,0,0,0
0,0,0,0,0
0,0,0,0,0
0,0,0,0,0
0,0,0,0,0
0,0,0,0,0
0,0,0,0,0
0,0,0,0,0
0,0,0,0,0
0,0,0,0,0
0,0,0,0,0
0,0,0,0,0
0,0,0,0,0
0,0,0,0,0
0,0,0,0,0
0,0,0,0,0
0,0,0,0,0
0,0,0,0,0
0,0,0,0,0
0,0,0,0,0
0,0,0,0,0
0,0,0,0,0
0,0,0,0,0
0,0,0,0,0
0,0,0,0,0
0,0,0,0,0
0,0,0,0,0
0,0,0,0,0
0,0,0,0,114
0,0,0,0,0
0,0,0,0,0
0,0,0,0,0
0,0,0,0,0
0,0,0,0,0
0,0,0,0,0
0,0,0,0,0
0,0,0,0,0
0,0,0,0,0
0,0,0,0,0
0,0,0,0,210
0,0,0,0,0
0,0,0,0,0
0,0,0,0,0
0,0,0,0,0
0,0,0,0,0
0,0,0,0,50
0,0,0,0,0
0,0,0,0,0
0,0,0,0,0
0,0,0,0,0
0,0,0,0,0
0,0,0,0,0
0,0,0,0,0
0,0,0,0,0
0,0,0,0,0
0,0,0,0,0
0,0,0,0,0
0,0,0,0,0
0,0,0,0,85
0,0,0,0,0
0,0,0,0,0
0,0,0,0,0
0,0,0,0,0
0,0,0,0,0
0,0,0,0,0
0,0,0,0,0
0,0,0,0,0
0,0,0,0,0
0,0,0,0,0
0,0,0,0,89
0,0,0,0,0
0,0,0,0,0
0,0,0,0,0
0,0,0,0,0
0,0,0,0,0
0,0,0,0,0
0,0,0,0,0
0,0,0,0,0
0,0,0,0,0
0,0,0,0,0
0,0,0,0,59
0,0,0,0,0
0,0,0,0,0
0,0,0,0,0
0,0,0,0,0
0,0,0,0,0
0,0,0,0,0
0,0,0,0,0
0,0,0,0,0
0,0,0,0,0
0,0,0,0,0
0,0,0,0,0
0,0,0,0,0
0,0,0,0,0
0,0,0,0,0
0,0,0,0,0
0,0,0,0,0
0,0,0,0,0
0,0,0,0,0
0,0,0,0,0
0,0,0,0,0
0,0,0,0,0
0,0,0,0,0
0,0,0,0,0
0,0,0,0,0
0,0,0,0,0
0,0,0,0,0
0,0,0,0,0
0,0,0,0,0
0,0,0,0,0
0,0,0,0,0
0,0,0,0,0
0,0,0,0,0
0,0,0,0,0
0,0,0,0,0
0,0,0,0,0
0,0,0,0,0
0,0,0,0,0
0,0,0,0,0
0,0,0,0,0
0,0,0,0,0
0,0,0,0,0
0,0,0,0,0
0,0,0,0,0
0,0,0,0,169
0,0,0,0,0
0,0,0,0,0
0,0,0,0,0
0,0,0,0,0
0,0,0,0,0
0,0,0,0,0
0,0,0,0,0
0,0,0,0,0
0,0,0,0,0
0,0,0,0,0
0,0,0,0,766
0,0,0,0,0
0,0,0,0,0
0,0,0,0,0
0,0,0,0,0
0,0,0,0,0
0,0,0,0,0
0,0,0,0,0
0,0,0,0,0
0,0,0,0,0
0,0,0,0,0
0,0,0,0,0
0,0,0,0,0
0,0,0,0,0
0,0,7,0,0
0,0,0,0,0
0,0,0,0,0
0,0,0,0,0
0,0,0,0,0
0,0,0,0,0
0,0,0,0,0
0,0,0,0,0
0,0,0,0,0
0,0,0,0,0
0,0,0,0,0
0,0,0,0,0
0,0,0,0,0
0,0,0,0,0
0,0,0,0,0
0,0,0,0,0
0,0,0,0,812
0,0,0,0,0
0,0,0,0,0
0,0,0,0,0
0,0,0,0,0
0,0,0,0,0
0,0,0,0,0
0,0,0,0,0
0,0,0,0,0
0,0,0,0,0
0,0,0,0,0
0,0,0,0,785
0,0,0,0,0
0,0,0,0,0
0,0,0,0,0
0,0,0,0,0
0,0,0,0,0
0,0,0,0,0
0,0,0,0,0
0,0,0,0,0
0,0,0,0,0
0,0,0,0,0
0,0,0,0,0
0,0,0,0,0
0,0,0,0,0
0,0,0,0,0
0,0,0,0,0
0,0,0,0,0
0,0,0,0,0
0,0,0,0,0
0,0,0,0,0
0,0,0,0,0
0,0,0,0,0
0,0,0,0,0
0,0,0,0,0
0,0,0,0,0
0,0,0,0,0
0,0,0,0,0
0,0,0,0,0
0,0,0,0,0
0,0,0,0,0
0,0,0,0,0
0,0,0,0,0
0,0,0,0,0
0,0,0,0,0
0,0,0,0,0
0,0,0,0,0
0,0,0,0,0
0,0,0,0,0
0,0,0,0,0
0,0,0,0,0
0,0,0,0,0
0,0,0,0,0
0,0,0,0,0
0,0,0,0,0
0,0,0,0,0
0,0,0,0,0
0,0,0,0,0
0,0,0,0,0
0,0,0,0,0
0,0,0,0,0
0,0,0,0,0
0,0,0,0,0
0,0,0,0,0
0,0,0,0,0
0,0,0,0,24
0,0,0,0,0
0,0,0,0,0
0,0,0,0,0
0,0,0,0,0
0,0,0,0,0
0,0,0,0,0
0,0,0,0,0
0,0,0,0,0
0,0,0,0,0
0,0,0,0,0
0,0,0,0,846
0,0,0,0,0
0,0,0,0,0
0,0,0,0,0
0,0,0,0,0
0,0,0,0,0
0,0,0,0,0
0,0,0,0,0
0,0,0,0,0
0,0,0,0,0
0,0,0,0,0
0,0,0,0,0
0,0,0,0,0
0,0,0,0,0
0,0,0,0,0
0,0,0,0,0
0,0,0,0,0
0,0,0,0,0
0,0,0,0,838
0,0,0,0,0
0,0,0,0,0
0,0,0,0,0
0,0,0,0,0
0,0,0,0,0
0,0,0,0,0
0,0,0,0,0
0,0,0,0,0
0,0,0,0,0
0,0,0,0,0
0,0,0,0,0
0,0,0,0,0
0,0,0,0,0
0,0,0,0,0
0,0,0,0,0
0,0,0,0,0
0,0,0,0,0
0,0,0,0,0
0,0,0,0,0
0,0,0,0,0
0,0,0,0,0
0,0,0,0,0
0,0,0,0,0
0,0,0,0,0
0,0,0,0,0
0,0,0,0,0
0,0,0,0,0
0,0,0,0,0
0,0,0,0,0
0,0,0,0,0
0,0,0,0,0
0,0,0,0,0
0,0,0,0,0
0,0,0,0,0
0,0,0,0,0
0,0,0,0,0
0,0,0,0,0
0,0,0,0,0
0,0,0,0,0
0,0,0,0,0
0,0,0,0,0
0,0,0,0,0
0,0,0,0,0
0,0,0,0,0
0,0,0,0,0
0,0,0,0,0
0,0,0,0,0
0,0,0,0,0
0,0,0,0,0
0,0,0,0,0
0,0,0,0,0
0,0,0,0,0
0,0,0,0,0
0,0,0,0,0
0,0,0,0,0
0,0,0,0,833
0,0,0,0,0
0,0,0,0,0
0,0,0,0,0
0,0,0,0,0
0,0,0,0,0
0,0,0,0,0
0,0,0,0,0
0,0,0,0,0
0,0,0,0,0
0,0,0,0,0
0,0,0,0,0
0,0,0,0,0
0,0,0,0,0
0,0,0,0,0
0,0,0,0,0
0,0,0,0,0
0,0,0,0,0
0,0,0,0,0
0,0,0,0,0
0,0,0,0,0
0,0,0,0,0
0,0,0,0,0
0,0,0,0,0
0,0,0,0,0
0,0,0,0,0
0,0,0,0,0
0,0,0,0,0
0,0,0,0,0
0,0,0,0,0
0,0,0,0,0
0,0,0,0,0
0,0,0,0,0
0,0,0,0,0
0,0,0,0,0
0,0,0,0,0
0,0,0,0,0
0,0,0,0,0
0,0,0,0,0
0,0,0,0,0
0,0,0,0,0
0,0,0,0,0
0,0,0,0,0
0,0,0,0,0
0,0,0,0,0
0,0,0,0,0
0,0,0,0,0
0,0,0,0,0
0,0,0,0,0
0,0,0,0,0
0,0,0,0,0
0,0,0,0,1435
0,0,0,0,0
0,0,0,0,0
0,0,0,0,0
0,0,0,0,0
0,0,0,0,0
0,0,0,0,0
0,0,0,0,0
0,0,0,0,0
0,0,0,0,0
0,0,0,0,0
0,0,0,0,0
0,0,0,0,0
0,0,0,0,0
0,0,0,0,0
0,0,0,0,0
0,0,0,0,0
0,0,0,0,0
0,0,0,0,0
0,0,0,0,0
0,0,0,0,0
0,0,0,0,0
0,0,0,0,0
0,0,0,0,0
0,0,0,0,0
0,0,0,0,0
0,0,0,0,0
0,0,0,0,0
0,0,0,0,0
0,0,0,0,0
0,0,0,0,1604
0,0,0,0,0
0,0,0,0,0
0,0,0,0,0
0,0,0,0,0
0,0,0,0,0
0,0,0,0,0
0,0,0,0,0
0,0,0,0,0
0,0,0,0,0
0,0,0,0,0
0,0,0,0,813
0,0,0,0,0
0,0,0,0,0
0,0,0,0,0
0,0,0,0,0
0,0,0,0,0
0,0,0,0,0
0,0,0,0,0
0,0,0,0,0
0,0,0,0,0
0,0,0,0,0
0,0,0,0,0
0,0,0,0,0
0,0,0,0,0
0,0,0,0,0
0,0,0,0,0
0,0,0,0,0
0,0,0,0,0
0,0,0,0,0
0,0,0,0,0
0,0,0,0,0
0,0,0,0,0
0,0,0,0,0
0,0,0,0,0
0,0,0,0,0
0,0,0,0,0
0,0,0,0,0
0,0,0,0,0
0,0,0,0,0
0,0,0,0,0
0,0,0,0,0
0,0,0,0,0
0,0,0,0,0
0,0,0,0,0
0,0,0,0,0
0,0,0,0,0
0,0,0,0,0
0,0,0,0,0
0,0,0,0,0
0,0,0,0,0
0,0,0,0,0
0,0,0,0,0
0,0,0,0,0
0,0,0,0,0
0,0,0,0,0
0,0,0,0,0
0,0,0,0,0
0,0,0,0,0
0,0,0,0,0
0,0,0,0,0
0,0,0,0,0
0,0,0,0,0
0,0,0,0,0
0,0,0,0,0
0,0,0,0,0
0,0,0,0,0
0,0,0,0,0
0,0,0,0,0
0,0,0,0,0
0,0,0,0,0
0,0,0,0,0
0,0,0,0,0
0,0,0,0,0
0,0,0,0,0
0,0,0,0,0
0,0,0,0,0
0,0,0,0,816
0,0,0,0,0
0,0,0,0,0
0,0,0,0,0
0,0,0,0,0
0,0,0,0,0
0,0,0,0,0
0,0,0,0,0
0,0,0,0,0
0,0,0,0,0
0,0,0,0,0
0,0,0,0,827
0,0,0,0,0
0,0,0,0,0
0,0,0,0,0
0,0,0,0,0
0,0,0,0,0
0,0,0,1813,0
0,0,0,0,0
0,0,0,0,0
0,0,0,0,0
0,0,0,0,0
0,0,0,0,850
0,0,0,0,0
0,0,0,0,0
0,0,0,0,0
0,0,0,0,0
0,0,0,0,0
0,0,0,0,0
0,0,0,0,0
0,0,0,0,0
0,0,0,0,0
0,0,0,0,0
0,0,7,0,1115
0,0,0,0,0
0,0,0,0,0
0,0,0,0,0
0,0,0,0,0
0,0,0,0,0
0,0,0,0,0
0,0,0,0,0
0,0,0,0,0
0,0,0,0,0
0,0,0,0,0
0,0,0,0,849
0,0,0,0,0
0,0,0,0,0
0,0,0,0,0
0,0,0,0,0
0,0,0,0,0
0,0,0,0,0
0,0,0,0,0
0,0,0,0,0
0,0,0,0,0
0,0,0,0,0
0,0,0,0,1032
0,0,0,0,0
0,0,0,0,0
0,0,0,0,0
0,0,0,0,0
0,0,0,0,0
0,0,0,0,0
0,0,0,0,0
0,0,0,0,0
0,0,0,0,0
0,0,0,0,0
0,0,0,0,0
0,0,0,0,0
0,0,0,0,0
0,0,0,0,0
0,0,0,0,0
0,0,0,0,0
0,0,0,0,0
0,0,0,0,0
0,0,0,0,0
0,0,0,0,0
0,0,0,0,0
0,0,0,0,0
0,0,0,0,893
0,0,0,0,0
0,0,0,0,0
0,0,0,0,0
0,0,0,0,0
0,0,0,0,0
0,0,0,0,0
0,0,0,0,0
0,0,0,0,0
0,0,0,0,0
0,0,0,0,0
0,0,0,0,830
0,0,0,0,0
0,0,0,0,0
0,0,0,0,0
0,0,0,0,0
0,0,0,0,0
0,0,0,0,0
0,0,0,0,0
0,0,0,0,0
0,0,0,0,0
0,0,0,0,0
0,0,0,0,0
0,0,0,0,0
0,0,0,0,0
0,0,0,0,0
0,0,0,44,0
0,0,0,176,819
0,0,0,0,0
0,0,0,0,0
0,0,0,0,0
0,0,0,0,823
0,0,0,0,0
0,0,0,0,0
0,0,0,0,0
0,0,0,0,0
0,0,0,0,0
0,0,0,183,0
0,0,0,2631,0
0,0,0,0,0
0,0,0,0,0
0,0,0,0,0
0,0,0,0,0
0,0,0,0,0
0,0,0,0,0
0,0,0,0,0
0,0,0,0,0
0,0,0,0,0
0,0,0,0,0
0,0,0,20,0
0,0,0,2172,0
0,0,0,0,0
0,0,0,0,0
0,0,0,0,0
0,0,0,0,0
0,0,0,0,0
0,0,0,0,0
0,0,0,0,0
0,0,0,0,0
0,0,0,0,0
0,0,0,0,0
0,0,0,0,0
0,0,0,0,0
0,0,0,2027,0
0,0,0,0,0
0,0,0,0,0
0,0,0,0,0
0,0,0,0,0
0,0,0,0,0
0,0,0,1218,0
0,0,0,0,0
0,0,0,0,0
0,0,0,0,712
0,0,0,0,0
0,0,0,0,0
0,0,0,0,0
0,0,0,0,0
0,0,0,0,0
0,0,0,4,667
0,0,0,0,0
0,0,0,0,0
0,0,0,64,0
0,0,0,0,684
0,0,0,0,0
0,0,0,0,0
0,0,0,0,0
0,0,0,199,0
0,0,0,0,0
0,0,0,0,0
0,0,0,0,0
0,0,0,0,0
0,0,0,0,0
0,0,0,0,0
0,0,0,0,0
0,0,0,0,0
0,0,0,0,0
0,0,0,0,0
0,0,0,0,0
0,0,0,0,0
0,0,0,0,0
0,0,0,0,0
0,0,0,0,0
0,0,0,0,0
0,0,0,0,0
0,0,0,0,0
0,0,0,0,0
0,0,0,0,0
0,0,0,0,0
0,0,0,0,0
0,0,0,0,0
0,0,0,0,0
0,0,0,0,0
0,0,0,0,0
0,0,0,0,0
0,0,0,0,542
0,0,0,0,0
0,0,0,0,0
0,0,0,0,0
0,0,0,0,0
0,0,0,0,0
0,0,0,0,659
0,0,0,0,0
0,0,0,0,0
0,0,0,0,0
0,0,0,0,0
0,0,0,0,0
0,0,0,0,595
0,0,0,0,0
0,0,0,0,0
0,0,0,0,0
0,0,0,0,0
0,0,0,0,0
0,0,0,0,690
0,0,0,236,0
0,0,0,362,0
0,0,0,0,0
0,0,0,0,680
0,0,0,0,0
0,0,0,0,0
0,0,0,0,0
0,0,0,0,0
0,0,0,0,0
0,0,0,347,0
0,0,0,0,0
0,0,0,233,0
0,0,0,789,0
0,0,0,0,0
0,0,0,0,0
0,0,0,0,0
0,0,0,0,0
0,0,0,0,0
0,0,0,0,0
0,0,0,0,0
0,0,0,440,0
0,0,0,0,0
0,0,0,331,0
0,0,0,0,0
0,0,0,0,0
0,0,0,0,0
0,0,0,0,0
0,0,0,0,0
0,0,0,0,0
0,0,0,0,0
0,0,0,0,0
0,0,0,0,0
0,0,0,0,0
0,0,0,0,0
0,0,0,0,0
0,0,0,0,0
0,0,0,0,0
0,0,0,0,0
0,0,0,0,0
0,0,0,0,0
0,0,0,0,0
0,0,0,0,0
0,0,0,0,0
0,0,0,0,0
0,0,0,0,0
0,0,0,0,0
0,0,0,0,0
0,0,0,0,0
0,0,0,0,0
0,0,0,0,0
0,0,0,46,0
0,0,0,546,0
0,0,0,0,0
0,0,0,618,0
0,0,0,0,0
0,0,0,0,8
0,0,0,850,0
0,0,0,0,0
0,0,0,0,0
0,0,0,0,0
0,0,0,0,0
0,0,0,0,0
0,0,0,0,0
0,0,0,0,0
0,0,0,0,0
0,0,0,2,0
0,0,0,0,0
0,0,0,3248,0
0,0,0,0,0
0,0,0,61,0
0,0,0,0,0
0,0,0,0,0
0,0,0,0,0
0,0,0,0,0
0,0,0,0,0
0,0,0,0,0
0,0,0,0,0
0,0,0,0,0
0,0,0,0,0
0,0,0,0,0
0,0,0,135,0
0,0,0,0,0
0,0,0,0,0
0,0,0,0,0
0,0,0,0,0
0,0,0,0,900
0,0,0,1,0
0,0,0,305,0
0,0,0,1394,0
0,0,0,262,0
0,0,0,0,0
0,0,0,0,0
0,0,0,0,0
0,0,0,2,0
0,0,0,0,1
0,0,0,0,0
0,0,0,0,0
0,0,0,0,0
0,0,0,3760,0
0,0,0,0,0
0,0,0,0,0
0,0,0,0,0
0,0,0,0,2
0,0,0,1370,0
0,0,0,0,0
0,0,0,0,0
0,0,0,0,5
0,0,0,0,0
0,0,0,0,0
0,0,0,0,0
0,0,0,0,0
0,0,0,1,0
0,0,0,0,0
0,0,0,0,0
0,0,0,208,0
0,0,0,0,355
0,0,0,0,0
0,0,0,4136,0
0,0,0,0,0
0,0,0,0,40
0,0,0,0,0
0,0,0,0,0
0,0,0,0,0
0,0,0,0,0
0,0,0,0,0
0,0,0,0,2
0,48,0,0,0
0,0,0,400584563,0
0,0,0,400590230,0
0,0,0,401155064,0
0,0,0,400584463,0
0,0,0,0,0
0,0,0,400588801,0
0,0,0,0,0
0,0,0,441346603,0
0,0,0,0,0
0,0,0,0,0
0,0,0,3,19
0,0,0,2,0
0,0,0,81,0
0,0,0,128,0
0,0,0,400616495,0
0,0,0,0,0
0,0,0,0,0
0,0,0,0,0
0,0,0,0,0
0,0,0,0,0
0,0,0,0,0
0,0,0,0,0
0,0,0,0,0
0,0,0,0,0
0,0,0,0,6
0,0,0,0,0
0,0,0,0,0
0,0,0,0,0
0,0,0,0,0
0,0,0,0,0
0,0,0,0,0
0,0,0,0,0
0,0,0,0,0
0,0,0,0,0
0,0,0,0,0
0,0,0,0,47
0,0,0,0,0
0,0,0,0,0
0,0,0,0,0
0,0,0,0,0
0,0,0,0,0
0,0,0,0,0
0,0,0,0,0
0,0,0,0,0
0,0,0,0,0
0,0,0,0,0
0,0,0,0,106
0,0,0,0,0
0,0,0,0,0
0,0,0,0,0
0,0,0,0,0
0,0,0,0,0
0,0,0,0,0
0,0,0,0,0
0,0,0,0,0
0,0,0,0,0
0,0,0,0,0
0,0,0,0,50
0,0,0,0,0
0,0,0,0,0
0,0,0,0,0
0,0,0,0,0
0,0,0,0,0
0,0,0,0,0
0,0,0,0,0
0,0,0,0,0
0,0,0,0,0
0,0,0,0,0
0,0,0,0,63
0,0,0,0,0
0,0,0,0,0
0,0,0,0,0
0,0,0,0,0
0,0,0,0,0
0,0,0,0,0
0,0,0,0,0
0,0,0,0,0
0,0,0,0,0
0,0,0,0,0
0,0,0,0,120
0,0,0,0,0
0,0,0,0,0
0,0,0,0,0
0,0,0,0,0
0,0,0,0,0
0,0,0,0,0
0,0,0,0,0
0,0,0,0,0
0,0,0,0,0
0,0,0,0,0
0,27,0,0,0
0,27,0,0,0
0,27,0,0,0
0,27,0,0,0
0,27,0,0,0
0,27,0,349,0
0,27,0,0,20
0,27,0,0,0
0,27,0,0,0
0,27,0,0,0
0,27,0,0,0
0,27,0,0,0
0,27,0,0,4
0,27,0,0,0
0,27,0,0,0
0,27,0,0,0
0,27,0,0,0
0,27,0,0,0
0,27,0,0,0
0,27,0,0,0
0,27,0,0,0
0,27,0,0,0
0,27,0,0,0
0,27,0,0,0
0,27,0,0,0
0,27,0,0,0
0,27,0,9,0
0,27,0,0,0
0,27,0,0,0
0,27,0,0,0
0,27,0,0,0
0,27,0,0,0
0,27,0,0,0
0,27,0,0,0
0,27,0,0,2
0,27,0,0,0
0,27,0,0,0
0,27,0,0,0
0,27,0,0,1
0,27,0,0,0
0,27,0,605,0
0,27,0,23,0
0,27,0,0,0
0,27,0,0,0
0,27,0,0,0
0,27,0,0,0
0,0,0,0,0
0,0,0,0,0
0,0,0,2,0
0,0,0,0,0
0,0,0,0,0
0,0,0,0,0
0,0,0,0,0
0,0,0,0,0
0,0,0,3278,0
0,0,0,1,0
0,0,0,0,0
0,0,0,0,0
0,0,0,202,0
0,0,0,940,46
0,0,0,0,0
0,0,0,0,0
0,0,0,0,0
0,0,0,0,0
0,0,0,0,0
0,0,0,0,0
0,0,0,0,209
0,0,0,0,0
0,0,0,0,0
0,0,0,319,0
0,0,0,1238,0
0,0,0,0,0
0,0,0,0,0
0,0,0,0,0
0,0,0,0,0
0,0,0,0,0
0,0,0,388,0
0,0,0,214,0
0,0,0,48,0
0,0,0,0,0
0,0,0,0,0
0,0,0,5,0
0,0,0,171,0
0,0,0,0,0
0,0,0,0,0
0,0,0,0,0
0,0,0,0,0
0,0,0,186,0
0,0,0,0,0
0,0,0,0,0
0,0,0,0,0
0,0,0,0,0
0,0,0,0,0
0,0,0,14,0
0,0,0,0,0
0,0,0,0,0
0,0,0,0,0
0,0,0,0,0
0,0,0,0,0
0,0,0,89,0
0,0,0,0,0
0,0,0,323,0
0,0,0,0,0
0,0,0,232,0
0,0,0,0,0
0,0,0,0,0
0,0,0,0,0
0,0,0,0,0
0,0,0,0,0
0,0,0,0,0
0,0,0,1,0
0,0,0,1,0
0,0,0,0,0
0,0,0,0,0
0,0,0,84,195
0,0,0,627,0
0,0,0,0,0
0,0,0,0,0
0,0,0,1,0
0,0,0,0,0
0,0,0,0,0
0,0,0,0,0
0,0,0,0,0
0,0,0,0,0
0,0,0,0,0
0,0,0,0,0
0,0,0,1,0
0,0,0,0,0
0,0,0,2,0
0,0,0,1,0
0,0,0,0,0
0,0,0,4,0
0,0,0,0,0
0,0,0,0,0
0,0,0,4,0
0,0,0,188,0
0,0,0,342,0
0,0,0,1,0
0,0,0,862,0
0,0,0,0,0
0,0,0,5,0
0,0,0,2,0
0,0,0,1,0
0,0,0,348,0
0,0,0,0,0
0,0,0,264,0
0,0,0,0,0
0,0,0,0,0
0,0,0,1,0
0,0,0,0,0
0,0,0,1,0
0,0,0,0,0
0,0,0,0,0
0,0,0,0,0
0,0,0,0,0
0,0,0,2,0
0,0,0,1,0
0,0,0,0,0
0,0,0,0,0
0,0,0,0,0
0,0,0,3,0
0,0,0,1,0
0,0,0,0,0
0,0,0,0,0
0,0,0,0,0
0,0,0,0,0
0,0,0,1,0
0,0,0,1,0
0,0,0,1,139
0,0,0,0,0
0,0,0,427,0
0,0,0,2,0
0,0,0,165,0
0,0,0,1,0
0,0,0,0,0
0,0,0,4,0
0,0,0,1,0
0,0,0,0,0
0,0,0,1,0
0,0,0,0,0
0,0,0,0,0
0,0,0,0,0
0,0,0,0,0
0,0,0,0,0
0,0,0,83,0
0,0,0,0,0
0,0,0,0,0
0,0,0,0,0
0,0,0,0,0
0,0,0,1,0
0,0,0,57,0
0,0,0,0,0
0,0,0,1,0
0,0,0,0,0
0,0,0,0,0
0,0,0,0,0
0,0,0,0,0
0,0,0,0,10
0,0,0,1,0
0,0,0,0,0
0,0,0,0,0
0,0,0,0,0
0,0,0,0,0
0,0,0,2,0
0,0,0,1,0
0,0,0,0,0
0,0,0,0,0
0,0,0,0,0
0,0,0,0,0
0,0,0,0,0
0,0,0,0,0
0,0,0,0,0
0,0,0,0,0
0,0,0,0,6
0,0,0,0,0
0,0,0,0,0
0,0,0,0,0
0,0,0,1,0
0,0,0,0,0
0,0,0,0,0
0,0,0,0,0
0,0,0,1,0
0,0,0,0,0
0,0,0,0,0
0,0,0,0,18
0,0,0,0,0
0,0,0,1,0
0,0,0,0,0
0,0,0,1,0
0,0,0,1,0
0,0,0,1,0
0,0,0,3,0
0,0,0,0,0
0,0,0,0,0
0,0,0,0,0
0,0,0,0,0
0,0,0,0,0
0,0,0,0,0
0,0,0,0,0
0,0,0,0,0
0,0,0,0,0
0,0,0,0,0
0,0,0,0,0
0,0,0,0,0
0,0,0,1,0
0,0,0,0,0
0,0,0,0,0
0,0,0,0,0
